Unique ID,Q1 - Which Title Best Fits your Current Role?,Q2 - Did you switch careers into Data?,Q3 - Current Yearly Salary (in USD),Q4 - What Industry do you work in?,Q5 - Favorite Programming Language,Q6 - How Happy are you in your Current Position with the following? (Salary),Q6 - How Happy are you in your Current Position with the following? (Work/Life Balance),Q6 - How Happy are you in your Current Position with the following? (Coworkers),Q6 - How Happy are you in your Current Position with the following? (Management),Q6 - How Happy are you in your Current Position with the following? (Upward Mobility),Q6 - How Happy are you in your Current Position with the following? (Learning New Things),Q7 - How difficult was it for you to break into Data?,"Q8 - If you were to look for a new job today, what would be the most important thing to you?",Q9 - Male/Female?,Q10 - Current Age(Categorized),Q10 - Current Age,Q11 - Which Country do you live in?,Q12 - Highest Level of Education
62a33b3db4da29969c62df3d,Data Analyst,Yes,106k-125k,Unemployed,Python,9,9,7,5,5,7,Very Difficult,,Male,Middle Age,26,United States,NONE
62a33ba1bae91e4b8b82e35c,Data Analyst,No,41k-65k,Unemployed,R,1,2,5,2,1,3,Very Difficult,,Male,Middle Age,36,Canada,NONE
62a33c2cbc6861bf3176bec1,Data Engineer,No,0-40k,Unemployed,Python,0,8,7,5,7,7,Easy,,Male,Middle Age,23,Nigeria,NONE
62a33c8624a26260273822f9,Analytics Consultant ,Yes,150k-225k,Unemployed,R,10,6,7,10,7,10,Very Easy,,Female,Middle Age,35,Canada,NONE
62a33c91f3072dd892621e03,Data Analyst,Yes,41k-65k,Unemployed,R,1,4,4,4,0,1,Difficult,,Male,Old,44,United States,NONE
62a33cb6cf25554317300177,Data Analyst,Yes,0-40k,Unemployed,Python,2,3,3,3,3,2,Difficult,,Male,Middle Age,33,Congo ,NONE
62a33cb72e54c9003e531c65,Data Scientist,Yes,0-40k,Unemployed,Python,0,6,6,6,6,5,Difficult,,Male,Middle Age,24,NONE,NONE
62a33cd30f8c8599d5af0f8f,Data Engineer,Yes,125k-150k,Unemployed,SQL,10,5,5,5,5,9,Neither easy nor difficult,,Male,Middle Age,35,United States,NONE
62a33cd3cf255543173001d9,Data Analyst,Yes,86k-105k,Unemployed,R,4,4,4,4,5,5,Neither easy nor difficult,,Male,Middle Age,35,United States,NONE
62a33cd8bc6861bf3176c05f,Data Analyst,Yes,41k-65k,Unemployed,Python,2,0,3,3,0,4,Very Difficult,,Male,Middle Age,28,United States,NONE
62a33ce918134ddc75ce8c30,Data Analyst,Yes,66k-85k,Unemployed,Python,10,10,8,8,8,10,Neither easy nor difficult,,Male,Middle Age,37,Canada,NONE
62a33cf30a77c1a77f65baa2,Data Analyst,Yes,0-40k,Unemployed,Python,3,8,10,10,7,8,Neither easy nor difficult,,Male,Middle Age,32,Serbia,NONE
62a33d15f408bae018ed370d,Data Analyst,Yes,0-40k,Unemployed,R,1,10,9,9,5,10,Neither easy nor difficult,,Male,Middle Age,34,Argentina,NONE
62a33d1ebae91e4b8b82e707,Data Scientist,Yes,0-40k,Unemployed,Python,3,10,10,6,7,8,Easy,,Male,Middle Age,30,United Kingdom,NONE
62a33d4624a26260273824c4,Data Analyst,No,41k-65k,Unemployed,R,4,5,5,5,4,5,Neither easy nor difficult,,Male,Middle Age,31,United States,NONE
62a33d5c0f8c8599d5af107c,Data Analyst,Yes,41k-65k,Unemployed,Python,4,10,7,7,7,5,Difficult,,Male,Middle Age,29,United States,NONE
62a33d850f8c8599d5af10cb,Data Analyst,Yes,0-40k,Unemployed,Python,1,2,4,2,2,2,Neither easy nor difficult,,Male,Middle Age,22,Nigeria,NONE
62a33d9bf8f7561645852496,Student/Looking/None,Yes,0-40k,Unemployed,Python,1,3,2,2,4,1,Difficult,,Male,Middle Age,23,United States,NONE
62a33dbdd8c00e9f5419cd65,Student/Looking/None,No,41k-65k,Unemployed,R,7,8,8,6,8,3,Very Difficult,,Female,Middle Age,26,Canada,NONE
62a33de124a26260273826b2,Data Analyst,No,0-40k,Unemployed,Python,1,1,1,1,2,0,Very Difficult,,Male,Middle Age,28,Nigeria,NONE
62a33dedd8c00e9f5419ce2b,Data Analyst,Yes,41k-65k,Unemployed,Python,5,5,5,5,5,5,Easy,,Male,Middle Age,29,Kenya,NONE
62a33dfbd8c00e9f5419ceda,Data Analyst,Yes,106k-125k,Unemployed,SQL,10,5,10,6,10,10,Neither easy nor difficult,,Female,Middle Age,31,United States,NONE
62a33e38f3072dd8926221d3,Data Analyst,Yes,0-40k,Unemployed,Python,5,6,8,8,7,1,Neither easy nor difficult,,Male,Middle Age,28,Azerbaijan,NONE
62a33e54d8c00e9f5419cfe9,Data Analyst,No,0-40k,Unemployed,Python,4,4,4,4,4,4,Neither easy nor difficult,,Male,Middle Age,32,Argentina,NONE
62a33e62575fa3a5ae88aabf,Data Analyst,No,0-40k,Unemployed,Python,7,8,8,8,3,8,Easy,,Male,Middle Age,24,Sudan,NONE
62a33e63cec54911e9ca4f99,Data Analyst,No,0-40k,Unemployed,Python,4,6,6,6,7,7,Easy,,Male,Middle Age,31,India,NONE
62a33e72bae91e4b8b82ea1a,Data Analyst,No,66k-85k,Unemployed,SQL,7,10,5,5,5,2,Difficult,,Male,Middle Age,23,United States,NONE
62a33e890f8c8599d5af13b9,Data Analyst,Yes,106k-125k,Unemployed,Python,1,6,9,1,0,2,Difficult,,Female,Middle Age,33,United States,NONE
62a33e8bf8d5efcc22f7c79a,Data Analyst,No,86k-105k,Unemployed,Qlik sense script,6,7,7,7,7,4,Very Easy,,Male,Old,43,United States,NONE
62a33e90cec54911e9ca5031,Student/Looking/None,Yes,0-40k,Unemployed,R,0,0,5,0,0,0,Very Difficult,,Female,Middle Age,23,Nigeria,NONE
62a33e9df8f756164585277b,Student/Looking/None,Yes,41k-65k,Unemployed,Python,10,7,10,10,5,3,Very Difficult,,Male,Middle Age,31,United States,NONE
62a33eb6bc6861bf3176c5a3,Data Analyst,Yes,66k-85k,Unemployed,Python,5,6,7,5,4,4,Neither easy nor difficult,,Male,Middle Age,31,United Kingdom,NONE
62a33ee0bae91e4b8b82eaec,Data Analyst,Yes,0-40k,Unemployed,Python,8,7,8,7,7,7,Difficult,,Male,Middle Age,25,India,NONE
62a33ee80f8c8599d5af14b7,Data Engineer,No,125k-150k,Unemployed,SQL,8,10,10,9,9,9,Easy,,Male,Old,43,United States,NONE
62a33efe0a77c1a77f65bf1e,Data Analyst,No,41k-65k,Unemployed,Python,2,3,5,5,5,5,Difficult,,Female,Middle Age,26,Canada,NONE
62a33f0ef408bae018ed3aeb,FP&A Analyst,No,41k-65k,Unemployed,Python,5,10,8,8,8,7,Neither easy nor difficult,,Male,Middle Age,32,Japan,NONE
62a33f17f8f7561645852867,BI Developer ,No,0-40k,Unemployed,Python,2,9,7,7,5,6,Difficult,,Male,Middle Age,31,Greece,NONE
62a33f52bc6861bf3176c72c,Data Analyst,Yes,86k-105k,Unemployed,sql,3,5,6,4,4,5,Neither easy nor difficult,,Male,Middle Age,29,United States,NONE
62a33f56cf255543173005e9,Data Analyst,Yes,0-40k,Unemployed,Python,3,1,3,2,3,1,Neither easy nor difficult,,Male,Middle Age,24,Peru,NONE
62a33f5a5d257a28a30d7bb5,Student/Looking/None,Yes,41k-65k,Unemployed,Python,2,0,2,2,0,0,Very Difficult,,Male,Middle Age,34,United States,NONE
62a33fa5cec54911e9ca51f1,Data Analyst,Yes,41k-65k,Unemployed,Power bi,5,6,6,5,4,6,Very Difficult,,Male,Old,42,Australia,NONE
62a33fcb575fa3a5ae88ad59,Student/Looking/None,Yes,0-40k,Unemployed,JavaScript,0,0,0,0,0,0,Difficult,,Female,Middle Age,40,United States,NONE
62a33fcf18134ddc75ce91c3,Student/Looking/None,No,41k-65k,Unemployed,Python,3,1,3,4,0,3,Easy,,Male,Old,43,Spain,NONE
62a34006d8c00e9f5419d341,Student/Looking/None,Yes,0-40k,Unemployed,Python,0,0,0,0,0,0,Very Difficult,,Male,Middle Age,23,Kenya ,NONE
62a34020575fa3a5ae88ade0,Student/Looking/None,Yes,0-40k,Unemployed,Python,5,5,3,5,2,6,Difficult,,Male,Middle Age,23,Japan,NONE
62a34038b4da29969c62eafe,Data Analyst,Yes,86k-105k,Unemployed,Python,8,6,2,3,6,7,Neither easy nor difficult,,Male,Middle Age,28,United States,NONE
62a3406b575fa3a5ae88ae78,Data Analyst,No,66k-85k,Unemployed,SQL,5,7,1,1,0,8,Neither easy nor difficult,,Male,Middle Age,32,United States,NONE
62a340cab4da29969c62ec01,Data Analyst,Yes,66k-85k,Unemployed,R,7,8,10,8,9,9,Difficult,,Female,Old,41,United States,NONE
62a340d62e54c9003e5324b4,Data Analyst,Yes,41k-65k,Unemployed,Python,5,6,6,6,6,6,Neither easy nor difficult,,Male,Middle Age,33,United Kingdom,High School
62a340e10a77c1a77f65c2e7,"Manager, Business Intelligence Develop",Yes,150k-225k,Unemployed,Python,10,8,9,8,8,10,Easy,,Male,Middle Age,38,United States,NONE
62a340f5bc6861bf3176caa4,Data Analyst,No,0-40k,Unemployed,sql,8,8,8,8,5,10,Easy,,Female,Middle Age,22,India,NONE
62a34117cec54911e9ca54e7,Student/Looking/None,Yes,0-40k,Unemployed,R,1,3,6,6,6,9,Difficult,,Male,Middle Age,36,Barbados,Bachelors
62a3413a5d257a28a30d8074,Data Engineer,No,66k-85k,Unemployed,Python,2,1,1,1,3,7,Easy,,Female,Middle Age,28,United States,Masters
62a341a1f3072dd8926229a5,Student/Looking/None,Yes,0-40k,Unemployed,SQL,,,,,,7,Very Easy,,Male,Middle Age,30,South Africa,NONE
62a341b0f8f7561645852d1d,Data Analyst,Yes,66k-85k,Unemployed,Python,6,6,6,6,5,6,Difficult,,Female,Middle Age,24,United States,Bachelors
62a341e8f8d5efcc22f7d002,Business Analyst ,No,41k-65k,Unemployed,C/C++,3,6,7,7,0,3,Very Difficult,,Male,Middle Age,29,United States,Bachelors
62a34210cf25554317300c02,Data Analyst,No,0-40k,Unemployed,Python,4,9,10,9,9,10,Easy,,Male,Middle Age,29,Colombia,Associates
62a3424eb4da29969c62eedd,Business Analyst,Yes,41k-65k,Unemployed,Python,6,8,8,7,9,7,Neither easy nor difficult,,Male,Middle Age,38,Germany,Masters
62a34256bae91e4b8b82f16d,Data Analyst,Yes,0-40k,Unemployed,NONE,3,5,4,3,3,3,Difficult,,Male,Middle Age,31,Bulgaria,Masters
62a3426cf408bae018ed409b,Student/Looking/None,No,0-40k,Unemployed,Python,1,4,5,5,1,1,Difficult,,Male,Middle Age,25,United States,Masters
62a34272f8d5efcc22f7d15f,Data Analyst,No,66k-85k,Unemployed,Python,4,6,4,5,4,4,Neither easy nor difficult,,Male,Middle Age,24,United States,Masters
62a34340bc6861bf3176d05b,Business Intelligence Consultant,Yes,41k-65k,Unemployed,Python,6,7,4,3,9,8,Difficult,,Male,Middle Age,28,Turkey,Bachelors
62a34383b4da29969c62f1be,Student/Looking/None,No,0-40k,Unemployed,Python,7,5,8,0,0,0,Neither easy nor difficult,,Female,Middle Age,23,India,Bachelors
62a34389cec54911e9ca5a22,Data Engineer,No,0-40k,Unemployed,R,2,3,2,5,5,7,Neither easy nor difficult,,Male,Middle Age,21,Spain,Masters
62a343a22e54c9003e532a2a,Data Analyst,No,0-40k,Unemployed,Python,4,4,4,4,5,6,Neither easy nor difficult,,Male,Middle Age,29,France,Bachelors
62a343d9f3072dd892622fe4,Data Analyst,Yes,41k-65k,Unemployed,Python,5,6,7,7,7,6,Difficult,,Male,Middle Age,25,United States,Bachelors
62a34400d8c00e9f5419dc2b,Data Analyst,No,41k-65k,Unemployed,Python,6,6,6,6,3,5,Difficult,,Male,Middle Age,27,Germany,Masters
62a34425f8d5efcc22f7d525,Data Analyst,Yes,41k-65k,Unemployed,Python,3,9,10,8,9,9,Easy,,Male,Middle Age,23,India,Bachelors
62a34449575fa3a5ae88b637,Sr. Supply Chain Analyst ,No,86k-105k,Unemployed,R,4,3,3,5,5,5,Difficult,,Male,Middle Age,32,United States,Masters
62a3445dcf255543173011e1,Student/Looking/None,Yes,106k-125k,Unemployed,Python,5,5,7,5,7,7,Neither easy nor difficult,,Male,Middle Age,22,India,Bachelors
62a3447a575fa3a5ae88b6c0,Data Analyst,No,0-40k,Unemployed,Python,2,9,9,8,6,2,Easy,,Male,Middle Age,25,Thailand,Bachelors
62a3449f7dc029e2d66bf5d1,Data Analyst,Yes,0-40k,Unemployed,Python,2,8,6,6,5,5,Neither easy nor difficult,,Female,Middle Age,36,Germany,Masters
62a344c5f408bae018ed4806,Data Analyst,Yes,106k-125k,Unemployed,SQL,10,6,9,5,8,7,Easy,,Female,Middle Age,27,United States,Bachelors
62a344c6f8d5efcc22f7d6e1,Business Analyst ,Yes,0-40k,Unemployed,Python,5,5,5,5,5,1,Neither easy nor difficult,,Male,Middle Age,23,India,Bachelors
62a344e1f3072dd892623328,Student/Looking/None,Yes,0-40k,Unemployed,Sql,2,3,3,3,3,6,Very Difficult,,Male,Middle Age,26,Netherlands,Bachelors
62a3450424a262602738357f,Director of Data Analytics,No,86k-105k,Unemployed,Python,9,10,10,10,10,10,Very Easy,,Female,Middle Age,33,United States,PhD
62a3452818134ddc75ce9e1b,Data Analyst,Yes,106k-125k,Unemployed,Python,3,5,3,3,5,5,Easy,,Male,Middle Age,27,Turkey,Masters
62a345490a77c1a77f65cc5b,Data Analyst,Yes,41k-65k,Unemployed,R,3,6,5,4,3,4,Neither easy nor difficult,,Male,Old,42,United States,Associates
62a3455bbc6861bf3176d57a,Data Analyst,Yes,0-40k,Unemployed,Python,6,7,8,7,7,8,Easy,,Male,Middle Age,29,Spain,Masters
62a3457bf8d5efcc22f7da17,Data Analyst,No,125k-150k,Unemployed,Python,4,7,6,4,2,4,Easy,,Female,Middle Age,27,United States,Masters
62a345b2bae91e4b8b82fad6,Student/Looking/None,No,41k-65k,Unemployed,Python,0,10,10,10,4,2,Neither easy nor difficult,,Female,Middle Age,39,United States,Bachelors
62a345c47dc029e2d66bf80a,Data Analyst,Yes,41k-65k,Unemployed,Python,6,6,7,5,6,7,Difficult,,Male,Middle Age,31,Denmark,Masters
62a345e25d257a28a30d8b43,Data Analyst,Yes,66k-85k,Unemployed,Python,7,7,5,9,7,8,Easy,,Male,Middle Age,29,Brazil,Bachelors
62a34646f8d5efcc22f7dc5c,Data Analyst,Yes,66k-85k,Unemployed,R,7,7,7,7,4,7,Easy,,Male,Middle Age,31,United States,Masters
62a34687f408bae018ed4c52,Data Analyst,Yes,0-40k,Unemployed,Python,10,9,9,10,9,10,Neither easy nor difficult,,Male,Middle Age,30,Mexico,Masters
62a346a37dc029e2d66bfa6d,Data Engineer,Yes,0-40k,Unemployed,Python,7,8,6,5,5,9,Difficult,,Male,Middle Age,33,Mexico,Masters
62a346a95d257a28a30d8cb9,Data Analyst,No,66k-85k,Unemployed,Python,7,8,9,7,7,7,Neither easy nor difficult,,Male,Middle Age,25,United States,Bachelors
62a346b4bc6861bf3176d7ce,Student/Looking/None,No,0-40k,Unemployed,R,0,0,0,0,0,0,Neither easy nor difficult,,Male,Middle Age,23,India,Bachelors
62a346cef8f756164585385b,Data Analyst,Yes,41k-65k,Unemployed,NONE,4,4,3,3,5,6,Very Difficult,,Male,Middle Age,33,United States,Bachelors
62a346d724a2626027383abd,Business Analyst,Yes,66k-85k,Unemployed,Python,7,9,9,8,8,9,Neither easy nor difficult,,Male,Middle Age,35,Chile,Bachelors
62a346d90a77c1a77f65d08d,Data Analyst,No,41k-65k,Unemployed,Python,6,8,5,,6,9,Neither easy nor difficult,,Female,Old,42,Greece,Masters
62a34726f8d5efcc22f7dec7,Data Analyst,No,66k-85k,Unemployed,Python,3,4,2,1,0,4,Neither easy nor difficult,,Male,Middle Age,25,United States,Bachelors
62a3476c5d257a28a30d8e6d,Data Analyst,No,86k-105k,Unemployed,Python,5,4,5,4,3,6,Neither easy nor difficult,,Male,Middle Age,23,United States,Bachelors
62a347b4f8f7561645853a98,Learning Management Specialist,No,41k-65k,Unemployed,JavaScript,2,4,6,5,3,4,Easy,,Female,Old,51,United States,Bachelors
62a347f6b4da29969c62fb79,Data Analyst,No,0-40k,Unemployed,None,1,4,4,3,2,6,Very Difficult,,Male,Middle Age,30,United Kingdom,Bachelors
62a3483018134ddc75cea4e6,Data Analyst,Yes,41k-65k,Unemployed,Python,8,9,9,9,9,8,Very Difficult,,Male,Middle Age,23,India,Bachelors
62a348650f8c8599d5af2b77,Research Analyst,Yes,41k-65k,Unemployed,R,3,5,5,6,3,4,Neither easy nor difficult,,Male,Middle Age,24,Canada,Bachelors
62a3489318134ddc75cea659,Student/Looking/None,Yes,41k-65k,Unemployed,Python,6,6,6,6,6,6,Easy,,Male,Middle Age,25,Australia,Masters
62a348bf2e54c9003e533634,Data Analyst,Yes,41k-65k,Unemployed,Python,4,4,6,4,5,6,Difficult,,Female,Old,55,United States,Masters
62a348c2f3072dd892623c10,Data Analyst,No,86k-105k,Unemployed,R,8,10,8,7,8,10,Very Easy,,Female,Middle Age,30,United States,Masters
62a348f2f8d5efcc22f7e2ba,Data Analyst,Yes,41k-65k,Unemployed,Python,9,9,9,9,7,4,Difficult,,Male,Middle Age,25,Canada,Bachelors
62a349160a77c1a77f65d4db,Data Analyst,Yes,66k-85k,Unemployed,Python,6,9,7,6,7,7,Neither easy nor difficult,,Male,Middle Age,28,United States,Masters
62a3493fb4da29969c62fe63,Insights analyst,Yes,41k-65k,Unemployed,Python,8,8,9,9,10,10,Very Easy,,Male,Middle Age,34,United Kingdom,Bachelors
62a3496e575fa3a5ae88c4e6,Data Analyst,Yes,0-40k,Tech,Python,8,10,9,9,10,8,Neither easy nor difficult,,Female,Middle Age,28,Costa Rica,Bachelors
62a3498e575fa3a5ae88c554,Student/Looking/None,No,0-40k,Semiconductor manufacturing,None,7,9,7,8,8,10,Neither easy nor difficult,,Male,Middle Age,24,Vietnam,Bachelors
62a34991b4da29969c62ff4b,Student/Looking/None,Yes,0-40k,Healthcare,Python,3,7,7,7,1,2,Difficult,,Male,Middle Age,31,United States,Masters
62a349bbf8f756164585400d,Data Analyst,Yes,41k-65k,Supply Chain,SQL,3,6,6,6,4,4,Easy,,Male,Middle Age,25,Canada,Bachelors
62a349c7cec54911e9ca67c7,Data Analyst,Yes,106k-125k,Finance,Python,5,1,4,3,3,4,Easy,,Female,Middle Age,38,United States,Bachelors
62a349d5d8c00e9f5419ead2,Data Analyst,No,41k-65k,Finance,Python,5,5,5,5,4,5,Neither easy nor difficult,,Male,Middle Age,30,Netherlands,Bachelors
62a349e6b4da29969c63000c,Data Analyst,Yes,0-40k,Tech,C/C++,0,0,0,2,2,5,Neither easy nor difficult,,Male,Middle Age,25,India,Bachelors
62a34a03cec54911e9ca6869,Data Analyst,Yes,0-40k,Tech,Python,1,2,1,5,6,6,Neither easy nor difficult,,Female,Middle Age,29,Nigeria ,Bachelors
62a34ab15d257a28a30d9589,Data Scientist,Yes,150k-225k,Finance,Python,7,5,3,6,4,4,Difficult,,Male,Middle Age,21,Portugal,Masters
62a34abc0f8c8599d5af31c5,Data Analyst,Yes,66k-85k,Distribution,SQL,5,8,8,7,6,7,Very Easy,,Female,Middle Age,39,United States,Bachelors
62a34b07cec54911e9ca6b6e,Student/Looking/None,No,0-40k,Unemployed,Python,0,0,0,0,0,5,Neither easy nor difficult,,Male,Middle Age,25,turkey,Bachelors
62a34b1b0f8c8599d5af328b,Data Analyst,No,41k-65k,Tech,R,10,8,9,10,10,10,Easy,,Male,Middle Age,25,United States,Bachelors
62a34b5b5d257a28a30d96a6,Data Scientist,No,86k-105k,Finance,Python,8,7,6,6,5,9,Neither easy nor difficult,,Male,Middle Age,22,United States,Bachelors
62a34b7ebae91e4b8b83076c,Data Analyst,No,0-40k,Customer Service,Python,1,4,4,3,,5,Easy,,Male,Middle Age,23,Colombia,High School
62a34b99cec54911e9ca6e14,Data Engineer,Yes,41k-65k,E-commerce,JavaScript,6,6,6,6,6,6,Difficult,,Male,Middle Age,25,Egypt,High School
62a34bb0f3072dd892624210,Data Engineer,Yes,66k-85k,Consulting,Python,5,7,7,6,6,7,Neither easy nor difficult,,Male,Old,45,Canada,Masters
62a34bd0cf2555431730208b,Data Analyst,Yes,66k-85k,Healthcare,Excel,7,3,8,6,8,8,Easy,,Male,Middle Age,24,United States,Bachelors
62a34bd4f408bae018ed57bd,Student/Looking/None,No,0-40k,State Government,R,1,9,6,0,0,0,Difficult,,Male,Middle Age,25,United States,NONE
62a34c66b4da29969c6305af,Data Analyst,Yes,66k-85k,Marketing,Python,9,8,9,9,8,8,Difficult,,Male,Middle Age,26,United States,Bachelors
62a34d1ff8f756164585465c,Data Analyst,No,41k-65k,Tech,R,4,7,8,8,5,7,Easy,,Male,Middle Age,23,Canada,Bachelors
62a34d4118134ddc75ceb0ed,Student/Looking/None,Yes,0-40k,Culture,Python,1,1,1,0,0,3,Difficult,,Female,Old,42,United Kingdom,Masters
62a34da0f408bae018ed5abd,Educator,Yes,41k-65k,Education,NONE,0,0,2,0,0,0,Very Difficult,,Female,Old,42,United States,Bachelors
62a34dbb5d257a28a30d9a61,Business Analyst,No,0-40k,Tech,Python,0,6,5,5,3,1,Neither easy nor difficult,,Male,Middle Age,25,India,Masters
62a34e00f8f7561645854954,Data Analyst,Yes,86k-105k,Tech,R,8,10,10,10,2,7,Easy,,Male,Middle Age,38,United States,Masters
62a34e082e54c9003e534118,Business Intelligence Engineer,No,0-40k,Tech,Python,5,6,6,6,6,4,Easy,,Male,Middle Age,24,Costa Rica,Bachelors
62a34eb7bc6861bf3176e6d8,Data Analyst,Yes,66k-85k,Education,R,7,10,10,10,8,10,Neither easy nor difficult,,Male,Middle Age,28,United States,Bachelors
62a34f2af8f7561645854c1c,Data Analyst,No,41k-65k,Healthcare,Python,1,2,8,7,0,0,Difficult,,Male,Middle Age,21,United States,Bachelors
62a34f3bf408bae018ed5e42,Data Analyst,Yes,106k-125k,Healthcare,R,10,10,10,10,10,10,Very Easy,,Male,Middle Age,39,United States,Masters
62a34fa418134ddc75ceb509,Data Analyst,Yes,0-40k,Tech,Python,4,5,5,5,6,8,Difficult,,Male,Middle Age,23,Pakistan,Bachelors
62a34fbacec54911e9ca776f,Data Analyst,No,0-40k,Government,R,1,6,4,3,5,6,Neither easy nor difficult,,Female,Middle Age,23,Australia,Bachelors
62a34fc3f3072dd892624a45,Data Analyst,Yes,66k-85k,Distribution,R,8,9,8,7,7,8,Neither easy nor difficult,,Male,Middle Age,30,United States,Masters
62a34ff1f408bae018ed601d,Data Analyst,No,41k-65k,Manufacturing,Python,2,6,2,3,2,2,Easy,,Male,Middle Age,26,Ireland ,Masters
62a34ff4f3072dd892624b32,Data Analyst,Yes,41k-65k,Healthcare,R,3,6,4,6,4,6,Neither easy nor difficult,,Male,Middle Age,37,United States,Bachelors
62a3505bd8c00e9f5419f8df,Data Analyst,Yes,66k-85k,Healthcare,Python,3,5,4,5,4,4,Neither easy nor difficult,,Female,Middle Age,31,United States,Bachelors
62a350f7f3072dd892624d05,Data Analyst,Yes,0-40k,Finance,C/C++,5,2,4,3,3,3,Difficult,,Female,Middle Age,25,South Africa,Bachelors
62a35130f3072dd892624d9f,Data Analyst,Yes,0-40k,Healthcare,Python,2,6,6,5,4,5,Easy,,Female,Middle Age,26,Poland,Bachelors
62a351860a77c1a77f65e86b,Data Analyst,Yes,66k-85k,Healthcare,SQL,7,8,8,8,8,7,Very Easy,,Male,Middle Age,30,United States,Bachelors
62a3519b24a262602738514a,Data Analyst,Yes,66k-85k,Tech,Python,9,10,10,10,7,9,Neither easy nor difficult,,Female,Middle Age,39,United States,Bachelors
62a35236b4da29969c631214,Research Associate ,No,0-40k,Education,Python,1,1,1,0,0,2,Easy,,Female,Middle Age,28,India,Masters
62a352a32e54c9003e534981,Data Analyst,Yes,66k-85k,Finance,SQL,8,8,7,7,10,10,Very Easy,,Male,Middle Age,22,United States,Bachelors
62a352f00a77c1a77f65eae7,Data Analyst,Yes,0-40k,Telecommunication,Python,3,2,4,2,2,2,Neither easy nor difficult,,Male,Middle Age,28,Mozambique,Bachelors
62a353372e54c9003e534a40,Analytics Manager,No,150k-225k,Tech,R,8,10,9,7,5,5,Neither easy nor difficult,,Male,Middle Age,33,United States,Masters
62a353565d257a28a30da59f,Data Analyst,Yes,0-40k,Finance,SQL ,2,3,3,3,2,4,Neither easy nor difficult,,Female,Middle Age,22,Egypt ,Bachelors
62a353f07dc029e2d66c1783,Student/Looking/None,No,0-40k,Tech,Python,3,5,5,4,4,5,Neither easy nor difficult,,Male,Middle Age,27,India,Bachelors
62a3545e0f8c8599d5af474b,Data Analyst,Yes,106k-125k,Construction,DAX,8,8,8,8,10,10,Easy,,Male,Middle Age,37,United States,Bachelors
62a35472cec54911e9ca82bc,Business Analyst,No,41k-65k,Wholesale,R,3,4,5,5,4,3,Difficult,,Male,Middle Age,24,United States,Masters
62a354bdb4da29969c631700,Data Analyst,No,41k-65k,Healthcare,R,1,4,3,2,0,6,Difficult,,Male,Middle Age,25,United Kingdom,Masters
62a354e9cf255543173031ed,Data Engineer,No,86k-105k,Healthcare,R,8,10,8,8,9,10,Neither easy nor difficult,,Male,Middle Age,28,United States,Masters
62a35541f3072dd892625517,Data Analyst,Yes,41k-65k,Energy ,Python,5,5,7,7,7,7,Easy,,Male,Middle Age,32,United Kingdom,Bachelors
62a355445d257a28a30dab12,Data Analyst,Yes,41k-65k,Government,Python,0,7,7,7,0,7,Easy,,Male,Middle Age,29,United States,Bachelors
62a35631cf25554317303425,Data Analyst,No,41k-65k,Healthcare,R,7,5,8,6,5,10,Difficult,,Female,Middle Age,26,Australia,Masters
62a357390a77c1a77f65f189,Data Engineer,Yes,41k-65k,Tech,Python,0,7,5,0,0,7,Neither easy nor difficult,,Male,Middle Age,37,Canada,Masters
62a3578b0a77c1a77f65f279,Data Analyst,No,41k-65k,Supply Chain,R,4,6,5,4,5,6,Neither easy nor difficult,,Male,Middle Age,25,United States,Bachelors
62a357d30f8c8599d5af4ea3,Data Analyst,No,0-40k,Finance,Sql,4,4,5,6,6,0,Difficult,,Male,Middle Age,24,Israel,High School
62a3582e575fa3a5ae88e506,Manager,No,125k-150k,Finance,SQL,7,8,8,8,7,8,Easy,,Male,Old,52,United States,Bachelors
62a35878575fa3a5ae88e5d5,Data Analyst,Yes,41k-65k,Finance,Python,6,10,3,5,0,10,Difficult,,Male,Middle Age,27,Singapore,Bachelors
62a35981bae91e4b8b8323dd,Data Analyst,No,106k-125k,Healthcare,None,6,6,3,3,3,3,Neither easy nor difficult,,Female,Middle Age,29,United States,Masters
62a35a2c7dc029e2d66c2519,Student/Looking/None,No,0-40k,Tech,Python,3,7,6,7,0,0,Difficult,,Male,Old,42,Brazil,Associates
62a35aa2f8d5efcc22f8075d,Data Analyst,Yes,41k-65k,Telecommunication,R,3,5,6,4,3,7,Difficult,,Male,Middle Age,28,United States,Masters
62a35ababae91e4b8b83269d,Data Analyst,Yes,0-40k,Tech,Python,8,8,8,8,8,9,Neither easy nor difficult,,Male,Old,44,Costa Rica,Bachelors
62a35ae0575fa3a5ae88ea98,Data Engineer,Yes,0-40k,Tech,Python,5,5,6,5,6,7,Neither easy nor difficult,,Male,Middle Age,23,Spain,Bachelors
62a35ae87dc029e2d66c279b,Data Analyst,No,41k-65k,Entertainment,R,1,2,6,4,2,0,Easy,,Male,Middle Age,27,United States,Bachelors
62a35b13bc6861bf31770188,Data Analyst,No,66k-85k,Construction,Python,3,3,3,2,2,1,Neither easy nor difficult,,Male,Middle Age,26,United States,Masters
62a35b72f408bae018ed76a8,Data Analyst,Yes,86k-105k,Healthcare,Excel,3,4,4,4,1,3,Neither easy nor difficult,,Male,Middle Age,27,United States,Masters
62a35b965d257a28a30db899,Data Analyst,Yes,66k-85k,Retail,Python,0,0,7,1,0,9,Difficult,,Male,Middle Age,33,Canada,Bachelors
62a35ba3f3072dd892626068,Data Analyst,Yes,66k-85k,Aerospace,Python,8,10,10,10,10,10,Easy,,Male,Middle Age,28,United States,Bachelors
62a35c890a77c1a77f65fdfa,Data Analyst,Yes,0-40k,Tech,R,2,8,8,7,6,9,Neither easy nor difficult,,Male,Middle Age,32,Kenya,Bachelors
62a35d8f575fa3a5ae88efd6,Student/Looking/None,Yes,41k-65k,Food,Python,2,4,6,1,1,1,Very Difficult,,Male,Middle Age,34,Canada,Associates
62a35d95cf25554317304386,Data Analyst,No,150k-225k,Tech,Python,10,10,10,8,10,10,Easy,,Male,Middle Age,28,United States,Bachelors
62a35e970a77c1a77f66035a,Data Scientist,Yes,125k-150k,Telecommunication,Python,2,4,1,3,1,7,Neither easy nor difficult,,Male,Middle Age,27,India,Bachelors
62a35eabf408bae018ed7cbc,Data Engineer,Yes,41k-65k,Finance,Python,2,4,5,5,4,6,Difficult,,Male,Middle Age,22,United States,Bachelors
62a35f0d24a2626027386a8b,Data Analyst,No,66k-85k,Healthcare,Python,3,3,4,1,2,2,Neither easy nor difficult,,Male,Middle Age,29,United States,Masters
62a35f825d257a28a30dc128,Data Analyst,No,66k-85k,Healthcare,Python,8,10,10,8,5,7,Neither easy nor difficult,,Female,Middle Age,31,United States,Masters
62a35fa0f8f7561645856c35,Data Analyst,No,66k-85k,Tech,Python,4,5,5,5,4,4,Easy,,Male,Middle Age,28,United States,Bachelors
62a35fc1f8f7561645856c98,Student/Looking/None,No,0-40k,Healthcare,Python,0,0,0,0,0,0,Neither easy nor difficult,,Male,Middle Age,24,United States,Masters
62a3602318134ddc75ced6b9,Data Analyst,No,86k-105k,Government ,Stata,4,5,3,4,2,3,Easy,,Male,Middle Age,34,United States,Masters
62a360b8f8f7561645856ec4,Data Engineer,No,86k-105k,Tech,Python,5,3,5,5,4,5,Difficult,,Male,Middle Age,23,United States,Bachelors
62a360dbd8c00e9f541a16cf,Student/Looking/None,No,41k-65k,Construction,Excel,10,4,10,10,4,10,Neither easy nor difficult,,Male,Middle Age,32,Belgium,Masters
62a36146f8f7561645856ff7,Data Analyst,Yes,0-40k,Healthcare,R,6,8,6,6,8,10,Easy,,Male,Middle Age,29,Argentina,High School
62a361af0f8c8599d5af6277,Data Analyst,Yes,0-40k,Education,Python,0,0,0,0,0,0,Very Difficult,,Male,Middle Age,34,Nigeria,Bachelors
62a361cc575fa3a5ae88f908,Data Analyst,No,66k-85k,Finance,Python,7,5,5,7,9,10,Very Easy,,Male,Middle Age,24,United Kingdom,Bachelors
62a3620f0f8c8599d5af63a5,Analyst,No,66k-85k,Tech,Python,0,10,6,0,0,0,Difficult,,Male,Middle Age,30,United States,Bachelors
62a36251d8c00e9f541a199e,Analytics Engineer,No,86k-105k,Entertainment ,Python,5,5,6,4,5,5,Difficult,,Male,Middle Age,24,United States,Masters
62a36275bc6861bf31771183,Data Analyst,Yes,41k-65k,Insurance,Python,6,8,10,9,7,9,Easy,,Male,Middle Age,27,United States,Bachelors
62a3636c2e54c9003e536e6b,Data Analyst,No,0-40k,Finance,Python,1,2,4,4,4,5,Neither easy nor difficult,,Male,Middle Age,21,India,Bachelors
62a365c2f8d5efcc22f81e2e,Data Analyst,No,0-40k,Logistics,Python,3,5,9,9,,8,Very Difficult,,Male,Middle Age,31,UAE,Masters
62a365d5d8c00e9f541a20cf,Data Analyst,Yes,0-40k,Telecommunication,R,5,7,5,5,5,7,Difficult,,Male,Old,41,Egypt,Bachelors
62a3670b575fa3a5ae890422,Data Analyst,Yes,0-40k,Tech,Python,0,1,1,0,0,2,Difficult,,Male,Middle Age,25,India,Bachelors
62a3676bb4da29969c633ac7,Data Analyst,No,0-40k,Finance,NONE,4,7,8,8,8,9,Neither easy nor difficult,,Male,Middle Age,24,Nigeria ,Bachelors
62a36794b4da29969c633b48,Data Analyst,No,0-40k,Finance,Python,6,5,6,5,6,6,Neither easy nor difficult,,Male,Middle Age,30, Somalia,Masters
62a367d224a2626027387b56,Data Analyst,No,150k-225k,Finance,None,7,7,7,,5,7,Neither easy nor difficult,,Male,Middle Age,33,United States,Bachelors
62a367ed18134ddc75cee697,Data Analyst,No,66k-85k,Energy,Altery,7,4,10,9,7,10,Difficult,,Male,Middle Age,23,United States,Bachelors
62a36802f8f7561645857e38,Data Analyst,Yes,66k-85k,Tech,Python,6,6,6,6,6,6,Difficult,,Female,Middle Age,33,United Kingdom,Masters
62a3684ebc6861bf31771f15,Data Analyst,No,106k-125k,Finance,Python,4,4,4,4,4,4,Neither easy nor difficult,,Male,Middle Age,25,United States,Bachelors
62a3688df8f7561645857f7e,Data Analyst,No,0-40k,Market research,Python,5,5,5,5,5,5,Neither easy nor difficult,,Female,Middle Age,27,Kosovo,Masters
62a368ee2e54c9003e537e4a,Data Analyst,Yes,0-40k,Finance,C/C++,5,10,10,8,10,10,Very Easy,,Male,Middle Age,30,United Kingdom,Bachelors
62a369280a77c1a77f661ad0,Data Analyst,Yes,0-40k,Tech,Python,0,3,,,,6,Neither easy nor difficult,,Male,Middle Age,29,Nigeria ,Bachelors
62a36969f8f756164585821d,Analyst Primary Market Intelligence,Yes,0-40k,Healthcare,Python,10,2,8,5,0,6,Easy,,Male,Middle Age,25,India,Masters
62a3697ff408bae018ed948b,Data Analyst,No,86k-105k,Telecommunication,None,7,7,5,7,7,7,Easy,,Male,Middle Age,40,United States,High School
62a36ac6cf255543173063d8,Data Analyst,No,41k-65k,Government,None,6,10,8,8,4,4,Neither easy nor difficult,,Female,Middle Age,29,Canada,Bachelors
62a36ad1f408bae018ed9793,Data Analyst,No,41k-65k,Unemployed,Python,0,3,3,3,3,,Difficult,,Male,Middle Age,29,India,Masters
62a36b6c24a26260273882a2,Data Analyst,Yes,0-40k,Education,Python,1,2,2,3,3,4,Neither easy nor difficult,,Male,Middle Age,28,Nigeria ,Masters
62a36b862e54c9003e5383c6,software engineer,No,86k-105k,Healthcare,c#,5,2,0,2,0,0,Neither easy nor difficult,,Male,Middle Age,34,United Kingdom,Bachelors
62a36d12f8d5efcc22f82cd8,Student/Looking/None,No,0-40k,Tech,Python,0,4,7,6,7,8,Easy,,Male,Middle Age,24,Belgium,Masters
62a36d3124a262602738862c,Data Analyst,Yes,0-40k,Telecommunication,Python,5,8,8,9,7,9,Very Easy,,Male,Middle Age,26,Iraq,Bachelors
62a36e470a77c1a77f662470,Data Analyst,No,125k-150k,Tech,Python,10,5,10,10,6,10,Difficult,,Male,Middle Age,28,United States,Bachelors
62a36e7024a262602738890a,Student/Looking/None,No,0-40k,Education,R,5,4,4,4,5,5,Difficult,,Male,Middle Age,25,Germany,Masters
62a36fe67dc029e2d66c5303,Data Analyst,Yes,0-40k,Tech,Python,1,4,9,7,8,10,Easy,,Male,Middle Age,33,Colombia,Bachelors
62a3701f575fa3a5ae89164e,Data Analyst,Yes,66k-85k,Finance,Python,4,4,6,3,4,0,Neither easy nor difficult,,Male,Middle Age,30,Ireland ,Masters
62a370635d257a28a30de5eb,Data Analyst,Yes,0-40k,Finance,Python,1,1,1,1,1,1,Very Difficult,,Male,Middle Age,35,India,Bachelors
62a37128d8c00e9f541a39dd,Data Analyst,No,0-40k,Automotive,None,5,2,5,5,3,4,Difficult,,Male,Middle Age,25,Romania,Bachelors
62a3715124a2626027388f02,Data Analyst,No,0-40k,Real Estate,Python,4,7,9,5,2,8,Easy,,Male,Middle Age,23,Spain,Bachelors
62a37222cf2555431730732d,Data Engineer,No,0-40k,Healthcare,Python,6,6,6,5,4,7,Neither easy nor difficult,,Male,Middle Age,24,Mexico,Bachelors
62a373efbc6861bf3177360b,Data Analyst,Yes,150k-225k,Education,SQL ,8,9,9,7,6,6,Neither easy nor difficult,,Male,Middle Age,27,United States,Masters
62a3759e5d257a28a30def3a,Data Analyst,Yes,66k-85k,Chemical Manufacturing,Python,4,10,10,8,5,6,Neither easy nor difficult,,Male,Middle Age,32,United States,Bachelors
62a3777624a262602738997e,Data Analyst,Yes,41k-65k,Tech,Python,3,5,4,4,4,4,Neither easy nor difficult,,Male,Old,50,Canada,Bachelors
62a377987dc029e2d66c638d,Data Architect,Yes,66k-85k,Poultry,Python,7,7,8,9,10,10,Neither easy nor difficult,,Male,Middle Age,29,United States,High School
62a377f424a2626027389af3,Data Analyst,Yes,0-40k,Telecommunication,R,2,8,7,6,5,6,Neither easy nor difficult,,Male,Old,41,Peru,Bachelors
62a3784c0f8c8599d5af8fbc,Data Integrity,No,0-40k,Renewable Resources,R,1,7,7,1,4,10,Neither easy nor difficult,,Male,Middle Age,23,United States,Associates
62a37a43d8c00e9f541a4a7c,Data Analyst,Yes,0-40k,Finance,Python,4,7,8,7,8,8,Difficult,,Male,Middle Age,31,Nigeria,Bachelors
62a37a7818134ddc75cf0d4c,Data Analyst,No,0-40k,Healthcare,Python,0,10,10,10,10,10,Difficult,,Male,Middle Age,22,Philippines,Bachelors
62a37aa1cf255543173081e5,Data Analyst,No,66k-85k,Finance,Python,3,5,5,5,3,3,Very Difficult,,Male,Middle Age,29,United States,Masters
62a37ad924a2626027389f8a,Data Scientist,Yes,0-40k,Tech,Python,4,4,4,0,0,6,Difficult,,Male,Middle Age,23,Malaysia,Bachelors
62a37b7db4da29969c636123,Student/Looking/None,No,0-40k,Customer service ,NONE,0,0,1,1,0,1,Neither easy nor difficult,,Female,Middle Age,24,United States,High School
62a37bab2e54c9003e53a10a,Data Analyst,Yes,66k-85k,Manufacturing,Python,5,9,10,10,5,10,Neither easy nor difficult,,Male,Middle Age,26,United States,Bachelors
62a37c50cec54911e9cacee2,Student/Looking/None,Yes,0-40k,Finance,Python,4,3,5,2,2,3,Difficult,,Male,Middle Age,31,India,Bachelors
62a37d41bae91e4b8b8369f7,Data Analyst,Yes,0-40k,sports,Python,1,1,1,1,7,9,Neither easy nor difficult,,Male,Middle Age,22,Nigeria,Bachelors
62a37f8db4da29969c6367bf,Data Analyst,Yes,66k-85k,fashion/online store,Python,7,8,10,8,7,5,Neither easy nor difficult,,Male,Middle Age,31,Germany,Bachelors
62a37ff3bae91e4b8b836ed0,Student/Looking/None,Yes,0-40k,Tech,Python,0,4,0,0,4,5,Neither easy nor difficult,,Male,Middle Age,27,United States,Masters
62a38023575fa3a5ae89339e,Student/Looking/None,No,0-40k,Student,Python,1,1,2,1,1,1,Difficult,,Female,Middle Age,25,United States,Bachelors
62a38153cec54911e9cad855,Data Analyst,Yes,0-40k,Healthcare,Python,4,10,10,8,8,10,Easy,,Male,Middle Age,30,Colombia,Masters
62a381d024a262602738ab19,Data Analyst,Yes,41k-65k,Healthcare,R,0,6,5,6,0,2,Easy,,Male,Middle Age,28,United States,Masters
62a38227bae91e4b8b837235,Data Analyst,No,125k-150k,Finance,Python,6,6,5,4,2,4,Easy,,Male,Middle Age,26,United States,Bachelors
62a38489cf25554317309145,Data Scientist,Yes,125k-150k,Retail,Python,6,7,7,10,6,7,Neither easy nor difficult,,Female,Middle Age,32,United States,Masters
62a384f0cec54911e9cadd6f,Data Analyst,Yes,0-40k,Marketing ,Sql,3,5,6,4,6,6,Neither easy nor difficult,,Female,Middle Age,40,Poland,PhD
62a385480f8c8599d5afa5c6,Data Engineer,Yes,0-40k,Manufacturing,Python,4,7,7,6,8,7,Neither easy nor difficult,,Male,Middle Age,36,Singapore,Associates
62a3856218134ddc75cf1ee0,Data Analyst,Yes,66k-85k,Finance,Python,6,10,9,9,9,10,Difficult,,Male,Middle Age,35,United States,Bachelors
62a385c40f8c8599d5afa6cf,Data Analyst,Yes,66k-85k,Tech,Python,3,4,4,4,5,5,Very Difficult,,Male,Middle Age,29,United States,Masters
62a385ddbae91e4b8b837855,Data Analyst,No,41k-65k,Finance,Python,6,5,9,9,7,5,Neither easy nor difficult,,Female,Middle Age,25,Germany,Masters
62a385e7b4da29969c6372ab,Database Developer,Yes,41k-65k,Healthcare,Python,6,8,8,9,6,8,Difficult,,Male,Middle Age,29,United States,Bachelors
62a386dfcec54911e9cae1d3,Data Analyst,No,86k-105k,Agriculture,Python,7,6,7,4,5,8,Difficult,,Male,Middle Age,26,United States,Bachelors
62a3870bbc6861bf31775841,Data Analyst,No,0-40k,Marketing,R,1,1,1,1,1,1,Neither easy nor difficult,,Male,Middle Age,34,Ghana,Bachelors
62a38733f8d5efcc22f859fc,Data Analyst,Yes,0-40k,Finance,Python,5,2,5,4,3,5,Neither easy nor difficult,,Male,Middle Age,26,Egypt,Bachelors
62a387e6575fa3a5ae8940a1,Data Analyst,No,0-40k,Tech,Python,3,3,5,4,3,2,Difficult,,Female,Middle Age,22,India,Bachelors
62a388d524a262602738b869,Student/Looking/None,Yes,0-40k,Construction,Python,0,2,0,1,1,2,Very Difficult,,Female,Middle Age,24,Kenya,Bachelors
62a38975b4da29969c637830,Data Analyst,No,0-40k,Healthcare,Python,3,6,6,6,4,3,Neither easy nor difficult,,Male,Middle Age,26,Costa Rica,Bachelors
62a38985f8f756164585b89c,Data Architect,Yes,0-40k,Finance,Python,5,6,2,3,3,5,Very Difficult,,Female,Middle Age,34,Portugal,Masters
62a389b70f8c8599d5afad1a,Data Analyst,No,0-40k,Tech,Python,3,5,4,5,4,2,Neither easy nor difficult,,Male,Middle Age,29,India,Bachelors
62a389ed18134ddc75cf24f8,Data Scientist,No,0-40k,Tech,R,2,7,7,7,7,7,Easy,,Male,Middle Age,21,Nigeria,Bachelors
62a38a060a77c1a77f6654b7,Financial Analyst,No,0-40k,Management,Python,2,4,5,3,1,1,Neither easy nor difficult,,Female,Middle Age,35,Macedonia,Masters
62a38a4d575fa3a5ae8944df,Data Analyst,No,41k-65k,Education,Python,7,7,8,8,6,7,Neither easy nor difficult,,Male,Middle Age,26,United States,Bachelors
62a38a97cf25554317309af2,Data Analyst,Yes,41k-65k,Warehouse,Python,2,4,7,10,5,10,Neither easy nor difficult,,Male,Middle Age,28,United States,Bachelors
62a38c120f8c8599d5afb0e9,Database Manager,No,41k-65k,Nonprofit,Python,1,5,5,1,0,3,Easy,,Female,Middle Age,33,United States,Bachelors
62a38c9dbc6861bf317760c4,Data Analyst,Yes,66k-85k,Consulting,SQL,7,6,5,7,4,4,Easy,,Female,Old,56,United States,Bachelors
62a38de50f8c8599d5afb3e7,Software Developer ,No,0-40k,Insurance ,Python,3,3,6,5,,4,Difficult,,Male,Middle Age,23,India,Bachelors
62a3906224a262602738c58a,Data Scientist,Yes,125k-150k,Healthcare,Python,4,5,5,5,4,5,Difficult,,Male,Middle Age,28,United States,Masters
62a3907cbae91e4b8b838917,Student/Looking/None,No,0-40k,Unemployed,JavaScript,0,0,0,0,0,10,Neither easy nor difficult,,Male,Middle Age,21,Egypt,High School
62a390c0d8c00e9f541a6fd7,Student/Looking/None,No,66k-85k,Social work ,Python,2,2,4,1,2,1,Neither easy nor difficult,,Male,Middle Age,35,United States,Masters
62a390e4f3072dd89262c0cd,Data Analyst,No,41k-65k,Healthcare,Python,7,5,9,9,9,8,Neither easy nor difficult,,Male,Middle Age,29,Ireland ,Masters
62a391cacf2555431730a623,Data Analyst,No,86k-105k,Tech,Python,9,10,8,8,7,7,Neither easy nor difficult,,Female,Middle Age,23,United States,Bachelors
62a39214f8f756164585c6b6,Tableau admin,No,41k-65k,Finance,Python,3,3,3,0,0,1,Difficult,,Male,Middle Age,25,India,Bachelors
62a39297b4da29969c638679,Data Engineer,Yes,86k-105k,E-commerce,Python,8,7,10,9,10,10,Easy,,Male,Middle Age,27,United States,Masters
62a393330a77c1a77f6662e4,Data Analyst,No,0-40k,Tech,Python,3,8,7,5,8,7,Neither easy nor difficult,,Male,Middle Age,22,India,Bachelors
62a3944024a262602738cb07,Data Analyst,Yes,0-40k,IT,Python,6,3,5,7,5,7,Neither easy nor difficult,,Male,Middle Age,22,India,Bachelors
62a3958fcec54911e9caf827,Reporting Adm,Yes,0-40k,Tech,Python,3,5,8,4,5,5,Difficult,,Female,Middle Age,32,United States,Bachelors
62a3970ebae91e4b8b839495,Student/Looking/None,Yes,66k-85k,Healthcare,None,,,,,,0,Difficult,,Female,Old,42,United States,Masters
62a3976ecf2555431730af5e,Billing analyst,No,66k-85k,Legal,Python,4,6,2,3,3,2,Very Difficult,,Male,Middle Age,31,United States,Bachelors
62a397fb5d257a28a30e279a,Data Engineer,No,0-40k,Media & advertising ,Python,0,10,10,5,0,3,Neither easy nor difficult,,Male,Middle Age,25,United Kingdom,Bachelors
62a3980c7dc029e2d66c9a81,Data Analyst,No,41k-65k,Agriculture,SQL,3,5,5,5,3,2,Neither easy nor difficult,,Female,Middle Age,25,United States,Masters
62a3980e0f8c8599d5afc32c,Data Analyst,Yes,106k-125k,Aviation,SAS,9,9,9,6,9,8,Difficult,,Male,Middle Age,31,United States,Masters
62a39a340f8c8599d5afc6ce,Data Scientist,Yes,0-40k,Education,Python,3,3,1,1,1,6,Difficult,,Male,Middle Age,36,Morocco,Masters
62a39b315d257a28a30e2cae,Data Analyst,Yes,66k-85k,Utilities,R,6,10,10,10,9,8,Easy,,Male,Middle Age,28,United States,Bachelors
62a39b6cf408bae018ede929,Data Analyst,No,0-40k,Audit Firm,Python,8,8,9,9,8,7,Neither easy nor difficult,,Male,Middle Age,27,Peru,Bachelors
62a39bd324a262602738d725,Data Analyst,Yes,0-40k,Sports,Python,7,4,7,4,8,10,Easy,,Male,Middle Age,25,Costa Rica ,Bachelors
62a39e03f408bae018eded39,Data Analyst,No,0-40k,E-commerce,Python,6,6,10,8,6,8,Neither easy nor difficult,,Male,Middle Age,25,Poland,Bachelors
62a39e69d8c00e9f541a8358,Marketing Data Specialist,No,41k-65k,sports,R,5,5,5,5,5,5,Difficult,,Male,Middle Age,22,United States,Masters
62a3a0bcf8f756164585daf7,Data Analyst,Yes,41k-65k,Healthcare,None,7,8,8,4,6,8,Neither easy nor difficult,,Male,Middle Age,38,Germany,High School
62a3a1a62e54c9003e53dc35,Data Analyst,Yes,0-40k,Education,Python,0,0,5,0,0,0,Difficult,,Male,Middle Age,27,Kenya,Bachelors
62a3a231b4da29969c639b2c,Data Analyst,Yes,86k-105k,Consulting,None,4,4,2,2,2,2,Easy,,Female,Middle Age,34,Canada,Bachelors
62a3a3800f8c8599d5afd4db,Data Analyst,Yes,66k-85k,Nonprofit,Python,9,10,10,9,8,10,Difficult,,Female,Middle Age,31,United States,Bachelors
62a3a4fdbae91e4b8b83ab6f,Data Analyst,Yes,41k-65k,Tech,Python,4,9,8,8,6,10,Neither easy nor difficult,,Female,Middle Age,33,Canada,Masters
62a3a7f50a77c1a77f668221,Student/Looking/None,Yes,0-40k,Tech,Python,2,5,5,5,5,5,Very Difficult,,Male,Middle Age,23,United States,Bachelors
62a3a90f24a262602738e800,Data Analyst,Yes,41k-65k,Healthcare,Excel,3,10,9,10,5,0,Neither easy nor difficult,,Female,Middle Age,25,United States,Bachelors
62a3a9dbd8c00e9f541a93eb,Data Analyst,Yes,0-40k,Tech,Python,4,4,4,5,2,1,Difficult,,Male,Middle Age,29,Iran,Masters
62a3aaa3cec54911e9cb1724,Analytics Engineer,Yes,41k-65k,Healthcare,R,5,7,9,8,8,8,Neither easy nor difficult,,Female,Middle Age,29,United States,Masters
62a3ab320f8c8599d5afdfa8,Data Analyst,Yes,0-40k,Tech,R,3,4,4,4,4,2,Easy,,Male,Middle Age,31,India,Masters
62a3abacd8c00e9f541a96eb,Student/Looking/None,No,0-40k,Real Estate,R,0,5,0,0,0,0,Very Difficult,,Male,Middle Age,34,South Africa ,High School
62a3ac4bf8f756164585ea83,Data Analyst,Yes,0-40k,Tech,Python,3,2,4,3,7,8,Easy,,Male,Middle Age,26,Bangladesh ,Bachelors
62a3ad35cec54911e9cb1b5c,Jr. Data Scientist,No,86k-105k,Healthcare,Python,4,6,5,6,6,4,Neither easy nor difficult,,Female,Middle Age,26,United States,Bachelors
62a3ae69bc6861bf3177900d,Continuous Quality Improvement Specialist,Yes,41k-65k,Law Enforcement,DAX,3,6,9,6,5,10,Difficult,,Male,Middle Age,27,United States,Masters
62a3af66f8f756164585eeb8,Student/Looking/None,Yes,0-40k,Tech,Python,4,5,4,4,3,4,Very Difficult,,Female,Middle Age,26,United States,Masters
62a3b135b4da29969c63b1ed,Data Analyst,Yes,41k-65k,Finance,R,2,5,5,5,4,5,Easy,,Male,Middle Age,24,United States,Bachelors
62a3b255d8c00e9f541a9fd5,Data Analyst,Yes,86k-105k,Retail,Python,4,6,3,4,4,2,Easy,,Female,Middle Age,28,NONE,Masters
62a3b314f408bae018ee0938,Data Analyst,Yes,106k-125k,Manufacturing,R,8,8,10,9,7,5,Easy,,Male,Middle Age,29,United States,Bachelors
62a3b3f6bc6861bf3177973b,Data Analyst,Yes,66k-85k,Finance,Python,3,2,1,1,0,2,Very Difficult,,Female,Middle Age,26,United States,Masters
62a3ba4dbc6861bf31779f24,Data Analyst,Yes,41k-65k,Arrosp,Python,3,5,3,3,1,1,Neither easy nor difficult,,Male,Middle Age,28,United Kingdom,Bachelors
62a3baa624a262602738ff27,Data Analyst,No,0-40k,Finance,Python,6,8,7,6,2,4,Easy,,Male,Middle Age,25,France,Masters
62a3bc00d8c00e9f541aad66,Data Analyst,Yes,66k-85k,Finance,R,5,7,7,3,7,9,Difficult,,Female,Middle Age,26,United States,Bachelors
62a3bf1b0a77c1a77f66a347,Data Engineer,Yes,125k-150k,Healthcare,Python,6,3,9,5,8,8,Neither easy nor difficult,,Female,Middle Age,38,United States,Masters
62a3c1b1bc6861bf3177aa8c,Data Analyst,No,66k-85k,Education,SQL,4,6,7,7,2,2,Neither easy nor difficult,,Female,Old,45,United States,Masters
62a3c30324a26260273909b9,Data Analyst,No,86k-105k,Marketing ,Python,5,3,5,6,6,4,Difficult,,Male,Middle Age,27,Canada,Masters
62a3c476bc6861bf3177ad9d,Data Analyst,Yes,41k-65k,Consulting,Python,3,7,7,7,7,6,Difficult,,Male,Middle Age,28,Canada,Masters
62a3c5f2cec54911e9cb3d9b,Student/Looking/None,Yes,0-40k,Student,R,2,10,10,10,10,3,Neither easy nor difficult,,Female,Middle Age,29,Germany,Bachelors
62a3c7f1bc6861bf3177b06e,PMO,No,41k-65k,Tech,C/C++,7,7,7,7,7,7,Neither easy nor difficult,,Female,Old,43,Singapore,High School
62a3c8652e54c9003e54103e,Data Analyst,Yes,0-40k,Finance,Python,0,5,9,9,0,10,Neither easy nor difficult,,Male,Middle Age,26,Antigua ,Bachelors
62a3ca44bae91e4b8b83dcd4,Student/Looking/None,No,41k-65k,Tech,SQL,7,8,7,7,8,7,Neither easy nor difficult,,Female,Old,47,United States,Bachelors
62a3cafff8d5efcc22f8b5cb,Student/Looking/None,Yes,0-40k,Finance,Python,,,,8,10,10,Easy,,Male,Middle Age,23,Nigeria ,Bachelors
62a3cbfef8d5efcc22f8b6f1,Data Analyst,Yes,0-40k,Tech,Python,0,1,1,1,1,2,Very Difficult,,Male,Middle Age,25,Egypt,Bachelors
62a3cde8f8f7561645861366,System Administrator,No,0-40k,Finance,Python,6,6,3,7,2,4,Very Difficult,,Male,Middle Age,32,Poland,Masters
62a3cfed0f8c8599d5b00b12,Data Analyst,Yes,0-40k,Finance,Python,1,10,10,5,3,1,Neither easy nor difficult,,Female,Middle Age,25,United States,Bachelors
62a3d21ef3072dd8926314d1,Data Analyst,No,0-40k,Finance,Python,1,2,10,1,2,8,Difficult,,Female,Middle Age,29,Venezuela,Bachelors
62a3d37c0a77c1a77f66bc0e,Data Analyst,No,41k-65k,Healthcare,SQL,3,7,5,5,3,3,Neither easy nor difficult,,Female,Middle Age,33,United States,Bachelors
62a3d8dbf8f7561645861f9d,Data Analyst,No,106k-125k,Education,Python,6,10,10,10,7,6,Easy,,Male,Middle Age,36,United States,Masters
62a3d9697dc029e2d66cf087,Data Analyst,Yes,41k-65k,Healthcare,Python,4,10,9,3,0,10,Difficult,,Male,Middle Age,25,United States,Bachelors
62a3dac9f3072dd892631e12,Data Scientist,No,150k-225k,Unemployed,Python,8,7,8,7,7,8,Neither easy nor difficult,,Male,Middle Age,38,United States,Masters
62a3dc3ab4da29969c63e3d7,Data Analyst,Yes,66k-85k,Oil and gas,R,3,2,6,6,5,4,Difficult,,Male,Middle Age,30,United States,Masters
62a3e2abf8f75616458628d1,Data Analyst,Yes,41k-65k,Tech,Python,3,5,6,6,6,7,Difficult,,Male,Middle Age,35,United States,Masters
62a3e32bd8c00e9f541ad5f0,Teacher,No,41k-65k,Education,SQL,0,1,10,5,0,0,Difficult,,Female,Old,42,United States,Bachelors
62a3ecf7bc6861bf3177d5c2,Data Analyst,Yes,66k-85k,Healthcare,Python,3,5,4,6,4,6,Easy,,Male,Middle Age,30,United States,Masters
62a3eea9bae91e4b8b8401a4,Student/Looking/None,Yes,0-40k,Unemployed,Python,0,0,0,0,0,4,Very Difficult,,Female,Middle Age,25,Nigeria,Bachelors
62a3f39df8d5efcc22f8ddc2,Data Analyst,No,86k-105k,Healthcare,Python,5,9,5,2,5,1,Difficult,,Female,Middle Age,28,United States,Bachelors
62a3f6a25d257a28a30e9d02,Data Analyst,Yes,0-40k,Manufacturing,Python,5,10,8,5,7,10,Very Difficult,,Male,Middle Age,28,Canada,Bachelors
62a3f6d9bae91e4b8b8408ca,Student/Looking/None,No,0-40k,Student,Sql,0,0,0,0,0,0,Neither easy nor difficult,,Male,Young,20,Malaysia,High School
62a3fc7c7dc029e2d66d10e8,Data Analyst,Yes,106k-125k,Construction,Excel,7,8,7,7,10,10,Easy,,Male,Middle Age,33,United States,Masters
62a3fe0d5d257a28a30ea3c8,Data Analyst,No,66k-85k,Tech,Python,8,6,7,7,8,8,Easy,,Male,Middle Age,23,United States,Associates
62a3fea50a77c1a77f66e41b,Data Analyst,Yes,0-40k,Healthcare,R,4,5,7,7,5,7,Neither easy nor difficult,,Female,Middle Age,35,Brazil,Bachelors
62a40276bc6861bf3177e6fd,Student/Looking/None,Yes,0-40k,Automobile Industry,Python,2,2,3,3,2,3,Difficult,,Male,Middle Age,22,India,Bachelors
62a403bbf8d5efcc22f8eb18,Data Analyst,Yes,0-40k,Tech,Python,5,10,5,6,6,8,Very Difficult,,Male,Middle Age,33,India,Bachelors
62a403d30f8c8599d5b03d65,Data Engineer,No,0-40k,Real Estate,Python,1,7,7,7,1,2,Very Easy,,Male,Middle Age,22,United States,Bachelors
62a4044acf25554317312a81,Data Analyst,Yes,86k-105k,Distribution,R,7,8,8,7,5,9,Neither easy nor difficult,,Male,Middle Age,35,United States,Bachelors
62a4061bf408bae018ee5deb,Data Analyst,Yes,66k-85k,Agriculture,SQL,8,5,6,4,4,8,Easy,,Female,Middle Age,37,United States,Masters
62a40726575fa3a5ae89d990,Student/Looking/None,Yes,0-40k,Finance,Python,4,,,,,,Very Easy,,Male,Middle Age,22,United States,Associates
62a4098124a2626027394ddc,Data Analyst,Yes,66k-85k,Healthcare,Python,10,10,10,7,10,10,Neither easy nor difficult,,Male,Middle Age,36,United States,Masters
62a40c99575fa3a5ae89de4b,Data Scientist,Yes,86k-105k,Fmcg,Python,6,5,8,8,7,9,Easy,,Male,Middle Age,26,India,Bachelors
62a40d86d8c00e9f541afb5e,Data Analyst,Yes,0-40k,Market research,R,3,2,6,5,5,6,Neither easy nor difficult,,Female,Middle Age,25,South Korea,Bachelors
62a40da3cf255543173132e2,Data Analyst,Yes,41k-65k,NGO - Legislation ,R,4,6,6,5,5,6,Neither easy nor difficult,,Female,Middle Age,34,United States,High School
62a40dfa5d257a28a30eb110,Data Analyst,Yes,0-40k,Culinary,Python,4,8,8,8,7,8,Difficult,,Male,Middle Age,33,Chile,Bachelors
62a410b5cec54911e9cb8262,Student/Looking/None,No,41k-65k,Retail,Python,0,4,0,1,4,2,Very Difficult,,Male,Middle Age,37,United States,Bachelors
62a41135bc6861bf3177f3d8,Data Analyst,No,66k-85k,Marketing,Python,5,5,7,6,4,6,Very Easy,,Female,Old,54,United States,High School
62a41795cec54911e9cb8854,Data Analyst,Yes,0-40k,Finance,Python,2,,,,,,Very Easy,,Male,Middle Age,26,India,Bachelors
62a41964d8c00e9f541b061d,Data Analyst,No,41k-65k,Education,R,4,7,7,7,2,7,Neither easy nor difficult,,Female,Middle Age,27,United States,Masters
62a41968f8d5efcc22f8fd44,Database Developer,Yes,0-40k,Telecommunication,Sql,2,3,6,6,3,5,Difficult,,Male,Middle Age,24,United Kingdom,Bachelors
62a41e23bc6861bf3177fffb,Data Analyst,Yes,0-40k,Finance,Python,5,5,5,5,5,10,Neither easy nor difficult,,Male,Middle Age,24,Egypt,Bachelors
62a421cebc6861bf317803f5,Consultant,Yes,0-40k,Consulting,Python,3,4,5,3,2,3,Neither easy nor difficult,,Male,Middle Age,27,Panama,Bachelors
62a42243f8d5efcc22f90c55,Student/Looking/None,No,0-40k,Unemployed,Python,0,0,0,0,0,0,Very Difficult,,Male,Middle Age,25,indonesia,Bachelors
62a424ccd8c00e9f541b114e,Data Analyst,Yes,0-40k,Tech,Python,1,7,7,7,7,1,Difficult,,Female,Middle Age,28,United Kingdom,Masters
62a42527b4da29969c6423f7,Business Intelligence Developer,No,41k-65k,Education,Python,3,6,5,5,3,4,Easy,,Male,Middle Age,21,United States,Bachelors
62a425ec2e54c9003e5467bf,Data Analyst,Yes,86k-105k,Healthcare,None,4,4,5,5,4,6,Difficult,,Female,Middle Age,28,United States,Bachelors
62a427190a77c1a77f67095c,Data Analyst,Yes,0-40k,Tech,Python,3,5,5,5,5,2,Neither easy nor difficult,,Male,Middle Age,30,Ghana,Masters
62a429f0f3072dd892636396,Data Analyst,No,0-40k,Education,Python,0,10,0,9,5,10,Easy,,Male,Middle Age,24,Angola,Associates
62a42d6ef8d5efcc22f9178a,Data Analyst,Yes,0-40k,Healthcare,Python,7,4,6,5,6,6,Difficult,,Male,Middle Age,26,India,Bachelors
62a436fd24a2626027397c93,Data Analyst,Yes,0-40k,Tech,Python,,,,,,5,Neither easy nor difficult,,Female,Young,19,Bangladesh ,High School
62a43e86f408bae018ee913a,Student/Looking/None,No,0-40k,Customer support ,Python,5,6,6,5,1,3,Neither easy nor difficult,,Female,Old,92,India,Masters
62a43ed4f8d5efcc22f92d0a,Data Analyst,Yes,0-40k,Healthcare,Python,1,8,5,1,7,8,Neither easy nor difficult,,Male,Middle Age,28,Nigeria,Bachelors
62a43f43f408bae018ee9281,Student/Looking/None,Yes,0-40k,Education,Python,0,1,2,2,1,1,Neither easy nor difficult,,Female,Middle Age,24,India,Masters
62a440ab575fa3a5ae8a1418,Informatics Specialist,No,41k-65k,Healthcare,Python,7,10,10,10,5,10,Easy,,Male,Middle Age,25,United States,Masters
62a441e3575fa3a5ae8a1552,Data Analyst,Yes,41k-65k,Finance,Python,4,5,5,5,6,6,Neither easy nor difficult,,Male,Old,42,United Kingdom,Masters
62a446faf8f7561645868c60,Data Analyst,Yes,0-40k,Tech,Python,2,3,3,3,3,3,Difficult,,Male,Middle Age,21,India,Bachelors
62a448832e54c9003e5491c5,Data Analyst,No,66k-85k,Healthcare,Python,7,8,9,7,7,6,Easy,,Male,Middle Age,24,United States,Bachelors
62a44ae2f8f7561645869335,Data Analyst,Yes,41k-65k,Healthcare,Python,4,7,6,6,6,7,Neither easy nor difficult,,Female,Middle Age,26,United States,Bachelors
62a44bc7bc6861bf31783829,Data Analyst,Yes,0-40k,Cosmetics ,Python,2,8,8,9,8,10,Difficult,,Male,Middle Age,30,United Kingdom,Bachelors
62a44ea3f408bae018eea62a,Data Engineer,Yes,86k-105k,Digital Marketing ,SQL,6,10,10,10,10,10,Neither easy nor difficult,,Male,Middle Age,27,United States,Bachelors
62a4514ff408bae018eea94d,Data Engineer,Yes,0-40k,Tech,Python,0,4,1,0,1,3,Easy,,Male,Middle Age,28,India,Bachelors
62a45a140a77c1a77f67469d,Data Analyst,No,66k-85k,Real Estate,SQL,6,8,7,7,5,6,Easy,,Female,Middle Age,29,United Kingdom,Bachelors
62a45c8bf3072dd89263a493,Data Analyst,No,0-40k,Home maker ,Python,0,0,0,0,0,0,Easy,,Female,Middle Age,26,India,Bachelors
62a45f8c0f8c8599d5b09d40,Data Engineer,Yes,0-40k,Finance,Python,3,3,3,3,3,4,Neither easy nor difficult,,Male,Middle Age,29,Nigeria,Bachelors
62a4604d0a77c1a77f674e29,Business Analyst,No,66k-85k,Finance,None,3,5,7,2,5,7,Easy,,Male,Old,60,United Kingdom,Masters
62a46a66f8d5efcc22f95a7a,Data Analyst,Yes,0-40k,Healthcare,Python,5,8,8,5,5,6,Neither easy nor difficult,,Male,Middle Age,25,Nigeria ,Bachelors
62a46ad7d8c00e9f541b664a,Financial Analyst,No,0-40k,Construction,R,0,0,1,3,2,1,Neither easy nor difficult,,Female,Middle Age,37,Nigeria ,Masters
62a46dbecf25554317319e48,Data Analyst,Yes,66k-85k,Finance,Python,6,8,3,4,5,1,Neither easy nor difficult,,Female,Middle Age,30,Canada,Bachelors
62a475dcf408bae018eed15c,Data Analyst,Yes,0-40k,Healthcare,Python,0,1,2,1,0,3,Neither easy nor difficult,,Female,Middle Age,27,Nigeria ,Masters
62a477f0b4da29969c64892f,Data Scientist,Yes,225k+,Tech,R,5,6,5,5,6,6,Difficult,,Male,Middle Age,31,United States,PhD
62a47947cec54911e9cbf6b2,Student/Looking/None,No,0-40k,Student,R,10,10,10,10,10,10,Neither easy nor difficult,,Male,Middle Age,24,United Kingdom,Masters
62a47c587dc029e2d66d9782,Data Analyst,No,0-40k,Finance,MATLAB,0,6,6,6,5,6,Neither easy nor difficult,,Female,Young,20,United States,Bachelors
62a47e3ef3072dd89263c8c0,Web Developer,No,0-40k,Tech,R,2,1,4,1,1,1,Easy,,Male,Middle Age,24,India,Bachelors
62a47e812e54c9003e54d789,Student/Looking/None,Yes,0-40k,Manufacturing,R,3,6,7,6,4,4,Neither easy nor difficult,,Male,Middle Age,24,Romania,Bachelors
62a47ea87dc029e2d66d9b60,Student/Looking/None,No,0-40k,Unemployed,R,0,1,3,0,0,0,Neither easy nor difficult,,Male,Old,41,Spain,Bachelors
62a47f1e0a77c1a77f677174,Data Analyst,Yes,86k-105k,Tech,R,8,8,8,8,8,8,Difficult,,Male,Old,41,United States,Bachelors
62a48566b4da29969c64995a,Manager ,No,150k-225k,Retail,Python,9,8,9,10,8,10,Neither easy nor difficult,,Male,Old,43,United States,Bachelors
62a48612d8c00e9f541b86b8,Data Analyst,No,66k-85k,Healthcare,Python,7,7,8,4,6,9,Easy,,Female,Middle Age,38,United States,Bachelors
62a487167dc029e2d66da73e,Data Analyst,Yes,0-40k,Retail,Python,5,5,5,5,5,6,Neither easy nor difficult,,Female,Middle Age,28,Philippines,Bachelors
62a488197dc029e2d66da8a1,Data Analyst,Yes,86k-105k,Healthcare,Python,10,8,6,10,7,5,Neither easy nor difficult,,Female,Middle Age,31,Germany,Bachelors
62a48c4c24a262602739e141,Data Analyst,Yes,86k-105k,Government,SAS,8,7,8,6,7,8,Difficult,,Female,Middle Age,28,United States,Masters
62a48cbdf408bae018eeeccf,Data Analyst,No,41k-65k,Healthcare,C/C++,7,8,9,9,4,9,Easy,,Male,Middle Age,23,United States,Masters
62a48d4df8d5efcc22f98308,Data Analyst,No,41k-65k,Utilities ,Python,5,5,4,5,6,6,Neither easy nor difficult,,Male,Middle Age,25,United Kingdom,Bachelors
62a48d562e54c9003e54ea2b,Junior Software Engineer,No,0-40k,Tech,R,2,5,2,8,9,10,Difficult,,Male,Middle Age,26,Poland,Masters
62a48da6b4da29969c64a3a5,Data Scientist,Yes,125k-150k,Finance,Python,9,4,8,7,5,6,Difficult,,Male,Middle Age,35,United States,Bachelors
62a49012f408bae018eef16d,Data Analyst,Yes,106k-125k,Retail,R,8,9,9,7,8,8,Neither easy nor difficult,,Male,Middle Age,30,Denmark,Masters
62a491b3b4da29969c64a89e,Data Analyst,Yes,86k-105k,Tech,R,3,,,,,,Neither easy nor difficult,,Male,Middle Age,35,United Kingdom,Bachelors
62a4926ef408bae018eef4ee,Data Analyst,Yes,0-40k,Telecommunication,Python,0,8,5,5,2,2,Easy,,Male,Middle Age,28,Panama,Bachelors
62a495d724a262602739ee07,Student/Looking/None,No,0-40k,Tech,Python,0,2,3,3,2,3,Easy,,Female,Middle Age,24,Nigeria,Bachelors
62a49b3cb4da29969c64b5dc,Data Analyst,Yes,41k-65k,Tech,Python,8,10,7,5,6,5,Neither easy nor difficult,,Female,Middle Age,34,United States,Bachelors
62a49e087dc029e2d66dc57e,Data Analyst,Yes,41k-65k,Tech,Python,3,5,4,5,3,6,Neither easy nor difficult,,Female,Middle Age,31,Germany,Masters
62a49e47b4da29969c64b9f9,Data Analyst,Yes,0-40k,Tech,Python,0,0,0,0,0,0,Difficult,,Male,Middle Age,30,United Kingdom,Masters
62a49e5f24a262602739f9af,Data Engineer,Yes,86k-105k,Logistics,JavaScript,4,4,1,6,1,5,Difficult,,Male,Middle Age,40,United Kingdom,Bachelors
62a49fe7b4da29969c64bbe1,Data Analyst,No,41k-65k,Consulting,R,4,10,10,10,8,6,Very Difficult,,Male,Middle Age,26,United States,Bachelors
62a4a3d4f8d5efcc22f9a051,Data Analyst,No,125k-150k,Healthcare,R,9,9,6,6,6,7,Neither easy nor difficult,,Male,Middle Age,25,United States,Bachelors
62a4a8cb0a77c1a77f67a405,Data Analyst,Yes,0-40k,Maritime,Sql,,5,8,4,8,4,Easy,,Male,Old,45,Greece,Associates
62a4abb30f8c8599d5b0fc24,Data Analyst,No,41k-65k,Finance,R,7,9,8,6,6,9,Neither easy nor difficult,,Male,Middle Age,26,United States,Masters
62a4afd87dc029e2d66ddb24,Data Scientist,No,0-40k,Finance,Python,7,7,8,6,6,4,Neither easy nor difficult,,Male,Middle Age,26,India,Masters
62a4b085cec54911e9cc3afe,Researchers ,Yes,0-40k,Finance,Python,3,2,4,2,2,3,Difficult,,Male,Middle Age,23,India,Masters
62a4b23f5d257a28a30f6b8c,Data Engineer,Yes,106k-125k,Tech,Python,4,4,4,4,5,6,Neither easy nor difficult,,Male,Middle Age,25,India,Masters
62a4b29a5d257a28a30f6c63,Data Analyst,Yes,41k-65k,Healthcare,R,4,5,6,6,5,6,Neither easy nor difficult,,Female,Middle Age,33,United States,High School
62a4b2e5f8f75616458712af,Senior Business Analyst,No,0-40k,E-commerce,Sql,6,3,3,6,6,4,Very Easy,,Male,Middle Age,33,India,Bachelors
62a4b6c30a77c1a77f67b54c,Data Analyst,Yes,86k-105k,Healthcare,R,7,8,7,8,3,4,Easy,,Male,Middle Age,27,United States,Bachelors
62a4bf07b4da29969c64e4f8,Data Analyst,Yes,106k-125k,Tech,Python,9,9,9,8,8,9,Difficult,,Female,Middle Age,28,United States,Masters
62a4bf3a0a77c1a77f67bef2,Data Analyst,Yes,66k-85k,Tech,Python,5,6,7,6,6,7,Very Easy,,Male,Middle Age,32,United States,Bachelors
62a4c49a575fa3a5ae8aadf4,Data Analyst,Yes,0-40k,Tech,Python,2,6,3,6,6,7,Neither easy nor difficult,,Male,Middle Age,35,India,Masters
62a4c57af3072dd8926421ac,Data Analyst,Yes,86k-105k,Real Estate,Python,8,9,10,10,9,10,Neither easy nor difficult,,Male,Middle Age,34,United States,Masters
62a4c6060a77c1a77f67c772,Data Analyst,No,41k-65k,Electronics,Python,9,8,3,5,2,4,Easy,,Male,Middle Age,27,Germany,Masters
62a4c7d0f8f7561645872912,Data Coordinator,Yes,66k-85k,Education,R,4,5,5,3,3,4,Easy,,Female,Middle Age,30,United States,Masters
62a4cdfad8c00e9f541bdc6b,Data Analyst,No,66k-85k,Logistics and warehousing,Python,8,9,9,9,9,10,Neither easy nor difficult,,Male,Middle Age,34,United States,Masters
62a4cffeb4da29969c64f6a1,Data Analyst,Yes,0-40k,Finance,Python,2,2,5,5,2,3,Very Difficult,,Female,Middle Age,33,India,Masters
62a4d08bf3072dd892642d2c,Data Analyst,No,0-40k,Finance,Python,8,9,9,9,9,9,Neither easy nor difficult,,Female,Middle Age,26,India,Masters
62a4d13bbae91e4b8b84f89b,Data Engineer,Yes,0-40k,Tech,Python,0,5,8,6,5,7,Neither easy nor difficult,,Male,Middle Age,28,Argentina,Bachelors
62a4d74c5d257a28a30f97fc,Driver,No,0-40k,Public transport,Python,2,2,7,4,8,1,Difficult,,Male,Old,42,United Kingdom,Bachelors
62a4d7f6bae91e4b8b84ffed,Data Analyst,No,0-40k,Urbanism,R,4,10,2,3,2,3,Neither easy nor difficult,,Male,Middle Age,30,Morocco,Masters
62a4d9d4bae91e4b8b8501f1,Data Scientist,Yes,106k-125k,Tech,Sql,10,9,8,8,9,10,Difficult,,Male,Middle Age,25,United States,Associates
62a4dd63f408bae018ef4e51,Data Analyst,Yes,41k-65k,Construction,Python,4,6,6,6,5,7,Easy,,Male,Middle Age,32,United States,Bachelors
62a4e34d7dc029e2d66e10b9,Data Analyst,No,0-40k,Tech,Python,3,4,5,5,6,6,Neither easy nor difficult,,Male,Middle Age,31,Germany,Masters
62a4e4c90f8c8599d5b13d8f,Data Analyst,Yes,150k-225k,Education,Python,8,7,5,4,7,7,Easy,,Male,Middle Age,30,UAE,High School
62a4e5aed8c00e9f541bf48c,Student/Looking/None,Yes,0-40k,Retail,Python,0,6,6,2,0,3,Neither easy nor difficult,,Male,Middle Age,23,Canada,Bachelors
62a4f6eef3072dd892645775,Data manager,No,66k-85k,Education,R,7,7,6,7,6,6,Easy,,Female,Middle Age,31,United Kingdom,Bachelors
62a4fe370f8c8599d5b158c4,Data Analyst,No,41k-65k,Aviation,Python,7,5,9,9,4,9,Neither easy nor difficult,,Female,Middle Age,29,Finland,Masters
62a5008c5d257a28a30fbde5,Data Analyst,Yes,0-40k,Tech,Python,5,4,4,5,7,10,Neither easy nor difficult,,Male,Middle Age,24,Nigeria,Bachelors
62a5038acec54911e9cc9526,GIS Analyst ,No,41k-65k,State Government,Python,2,7,6,5,6,4,Neither easy nor difficult,,Male,Middle Age,36,United States,Masters
62a50775f8f756164587677b,Data Analyst,Yes,41k-65k,Real Estate,R,4,6,6,6,6,6,Difficult,,Female,Middle Age,32,United States,Masters
62a50eddf8d5efcc22fa1a4e,Business Analyst,Yes,86k-105k,Healthcare,Python,8,9,7,7,7,9,Difficult,,Female,Middle Age,36,United States,Bachelors
62a511acbc6861bf3179178a,Data Engineer,No,106k-125k,Healthcare,SQL,8,6,5,2,3,2,Easy,,Male,Middle Age,30,United States,Bachelors
62a5177d18134ddc75d0e9d8,Student/Looking/None,Yes,0-40k,Unemployed,R,0,2,2,3,3,4,Neither easy nor difficult,,Male,Old,42,Sudan,Masters
62a51aaacec54911e9cca93b,Data Analyst,Yes,86k-105k,Healthcare,DAX,6,6,6,5,4,4,Easy,,Male,Old,53,NONE,PhD
62a51dc6575fa3a5ae8b09f3,Data Analyst,No,0-40k,Finance,Python,1,7,4,10,10,10,Neither easy nor difficult,,Male,Middle Age,25,Kenya,High School
62a51fe0575fa3a5ae8b0c06,Data Analyst,No,0-40k,Healthcare,Python,1,5,4,6,5,6,Neither easy nor difficult,,Male,Middle Age,23,Liberia,Bachelors
62a525aff8f75616458784dd,Data Analyst,Yes,0-40k,Agriculture,Python,2,1,3,3,3,4,Difficult,,Male,Middle Age,36,Saudi Arabia,Bachelors
62a52629b4da29969c654a94,Data Analyst,Yes,41k-65k,Healthcare,SQL,,,,,,6,Easy,,Male,Middle Age,32,UAE,Bachelors
62a52725d8c00e9f541c3b4a,Data Analyst,No,86k-105k,Finance,Python,3,6,4,2,2,3,Difficult,,Male,Middle Age,25,United States,Masters
62a5390cb4da29969c655ccc,Data Engineer,Yes,41k-65k,Tech,Python,4,4,3,4,4,5,Neither easy nor difficult,,Female,Middle Age,35,United Kingdom,Masters
62a53bc0bc6861bf31793947,Data Analyst,Yes,66k-85k,Sensors,R,3,4,4,5,4,4,Very Easy,,Male,Middle Age,26,United States,Bachelors
62a53c84f3072dd8926495c9,Student/Looking/None,No,0-40k,Tech,Python,2,7,9,7,3,3,Difficult,,Male,Middle Age,22,United States,Bachelors
62a54bccf3072dd89264a13b,Data Scientist,Yes,86k-105k,Automotive,Python,6,8,10,9,6,8,Neither easy nor difficult,,Male,Middle Age,30,Canada,Masters
62a54f20d8c00e9f541c5cfa,Data Analyst,Yes,66k-85k,Supply Chain,Python,2,8,6,1,8,10,Neither easy nor difficult,,Male,Middle Age,36,United States,Masters
62a552e1cf2555431732922d,Data Analyst,Yes,66k-85k,Healthcare,R,4,4,5,5,4,6,Neither easy nor difficult,,Female,Middle Age,30,United States,Masters
62a557d10f8c8599d5b1a81c,Data Scientist,Yes,106k-125k,Finance,Python,9,8,10,10,10,10,Difficult,,Male,Middle Age,29,United States,Bachelors
62a55b05f8d5efcc22fa5b65,Business Intelligence Analyst,Yes,66k-85k,Professional Services,R,8,10,10,7,8,5,Difficult,,Male,Middle Age,30,United States,Masters
62a55fe1f8d5efcc22fa5fe4,Data Engineer,No,41k-65k,Finance,Python,0,6,6,6,6,6,Very Easy,,Male,Middle Age,24,United States,Bachelors
62a56bc67dc029e2d66e86c0,Data Engineer,Yes,225k+,Tech,Sql,3,3,4,4,3,5,Neither easy nor difficult,,Male,Middle Age,33,United States,Bachelors
62a57116f408bae018efd56a,Data Analyst,No,106k-125k,Food,Python,10,10,10,10,10,6,Easy,,Female,Old,42,United States,Bachelors
62a57263cec54911e9ccf648,Data Analyst,Yes,41k-65k,Healthcare,Python,1,10,10,8,10,3,Neither easy nor difficult,,Female,Middle Age,36,United States,Bachelors
62a574b3b4da29969c658eb4,Data Analyst,Yes,41k-65k,Research (non-clincial),Python,2,3,7,6,5,6,Neither easy nor difficult,,Male,Middle Age,27,United States,Bachelors
62a58b267dc029e2d66ea3f8,Data Analyst,No,0-40k,Tech,Python,8,7,8,7,7,9,Easy,,Female,Middle Age,21,India,Bachelors
62a58d20575fa3a5ae8b6969,Data Analyst,Yes,41k-65k,Healthcare,Python,8,5,8,8,5,10,Difficult,,Female,Middle Age,34,Israel,Masters
62a58faf2e54c9003e55ef2e,Student/Looking/None,No,0-40k,Education,Python,2,5,5,5,2,4,Difficult,,Male,Middle Age,27,Netherlands,Bachelors
62a5998fbc6861bf31798ef0,BI consultant ,Yes,0-40k,Tech,Python,7,8,8,8,8,7,Neither easy nor difficult,,Male,Middle Age,27,France,Masters
62a59cd2cec54911e9cd251a,Student/Looking/None,No,0-40k,Education,R,1,1,2,1,0,3,Neither easy nor difficult,,Male,Middle Age,30,Kenya,Associates
62a59d007dc029e2d66eb8f9,Data Analyst,Yes,66k-85k,Government,SQL,2,0,0,0,0,2,Difficult,,Female,Middle Age,33,United States,Bachelors
62a5a124cec54911e9cd29f5,Data Analyst,Yes,86k-105k,Finance,Python,3,3,4,4,4,4,Difficult,,Male,Old,47,India,Masters
62a5a44b24a26260273af0fc,Data Analyst,Yes,66k-85k,Retail,SQL,4,5,4,5,4,4,Difficult,,Male,Middle Age,27,United States,Masters
62a5a931cec54911e9cd3333,Data Analyst,No,0-40k,Healthcare,Python,6,7,8,7,6,7,Neither easy nor difficult,,Male,Middle Age,26,India,Bachelors
62a5bea05d257a28a3106f7e,Data Analyst,No,0-40k,Finance,Python,2,3,2,5,5,6,Neither easy nor difficult,,Female,Middle Age,35,India,Masters
62a5c571575fa3a5ae8baaa1,Data Analyst,Yes,86k-105k,Education,Python,0,1,1,0,0,0,Neither easy nor difficult,,Male,Middle Age,31,United States,Masters
62a5cb12cf25554317330d69,Data Analyst,Yes,0-40k,Education,Python,2,1,2,3,4,3,Difficult,,Male,Middle Age,25,Zambia,Bachelors
62a5cba2575fa3a5ae8bb122,Data Engineer,Yes,66k-85k,Real Estate,Python,3,10,8,8,10,10,Easy,,Male,Middle Age,27,United States,Bachelors
62a5d350f3072dd892652c70,Data Analyst,Yes,41k-65k,Tech,Python,5,8,3,2,4,8,Neither easy nor difficult,,Male,Middle Age,32,Netherlands,Bachelors
62a5db29cf2555431733248f,Student/Looking/None,Yes,0-40k,Real Estate,Python,0,3,3,3,3,6,Difficult,,Male,Old,47,Portugal,Bachelors
62a5e69f24a26260273b42bf,DBA,No,66k-85k,Finance,Python,0,10,10,5,0,0,Neither easy nor difficult,,Female,Middle Age,30,United States,Masters
62a5ea667dc029e2d66f153d,Data Analyst,Yes,106k-125k,Defense,Python,8,6,6,7,9,10,Easy,,Female,Middle Age,35,United States,Masters
62a5ebe05d257a28a310ac53,Data Analyst,Yes,41k-65k,Finance,Python,6,9,5,7,8,9,Difficult,,Male,Middle Age,25,United States,High School
62a5edb2575fa3a5ae8bdba5,Data Steward,No,66k-85k,Food,Python,3,6,6,6,6,6,Neither easy nor difficult,,Male,Middle Age,27,United States,Bachelors
62a5edba0a77c1a77f68f1b5,Data Analyst,Yes,41k-65k,Healthcare,R,1,5,3,3,6,5,Difficult,,Female,Middle Age,27,United States,Masters
62a5f332bc6861bf3179f631,Student/Looking/None,No,0-40k,Data insights company,Python,1,8,8,1,3,7,Very Easy,,Female,Middle Age,23,India,Masters
62a5f872bae91e4b8b861e53,Data Scientist,No,41k-65k,Manufacturing,Python,9,10,10,10,10,10,Neither easy nor difficult,,Male,Young,18,United States,Bachelors
62a609b8f8f75616458875b7,Data Analyst,Yes,0-40k,Healthcare,Python,8,10,9,6,8,9,Easy,,Female,Middle Age,28,Costa Rica ,Masters
62a609c4bc6861bf317a10a3,Analytics Manager,Yes,125k-150k,Healthcare,Python,7,6,8,8,8,7,Easy,,Male,Middle Age,28,United States,Bachelors
62a61076f8f7561645887ded,Student/Looking/None,No,0-40k,Unemployed,Python,0,0,0,0,0,0,Easy,,Female,Middle Age,26,United States,Bachelors
62a615fd18134ddc75d1f1fa,Student/Looking/None,No,0-40k,Education,Python,0,0,3,0,0,8,Difficult,,Male,Middle Age,27,ghana,Bachelors
62a617c30a77c1a77f6925fc,Data Analyst,No,41k-65k,Tech,Python,9,7,9,10,10,10,Neither easy nor difficult,,Female,Middle Age,22,India,Masters
62a618a9d8c00e9f541d3537,Data Analyst,Yes,0-40k,Tech,R,0,8,7,6,3,9,Very Difficult,,Male,Middle Age,27,United States,High School
62a61eb02e54c9003e5697f7,Data Engineer,Yes,0-40k,Food,Python,5,7,6,8,7,7,Neither easy nor difficult,,Male,Middle Age,28,India,Bachelors
62a6246df3072dd892659218,Data Analyst,Yes,0-40k,Tech,Python,3,2,4,3,3,3,Neither easy nor difficult,,Male,Middle Age,25,Nigeria,High School
62a62a7124a26260273b94fa,Data Analyst,No,0-40k,Healthcare,Python,2,6,6,7,7,9,Difficult,,Male,Middle Age,32,United Kingdom,Bachelors
62a631782e54c9003e56ac36,Student/Looking/None,Yes,0-40k,Finance,SQL,7,9,10,10,3,4,Easy,,Male,Middle Age,33,Uruguay,Bachelors
62a633b4d8c00e9f541d54a4,Data Analyst,No,41k-65k,Government,Python,5,6,5,2,3,3,Easy,,Male,Middle Age,23,Canada,Masters
62a639e05d257a28a3110ef5,Student/Looking/None,Yes,0-40k,Finance,R,4,5,4,4,5,6,Neither easy nor difficult,,Female,Middle Age,40,Nigeria,Bachelors
62a642690f8c8599d5b2ab37,Data Analyst,Yes,41k-65k,Outsourcing ,Python,7,9,9,9,7,9,Easy,,Female,Middle Age,28,United Kingdom,Bachelors
62a64b4dd8c00e9f541d6d81,Data Analyst,No,0-40k,Real Estate,R,3,7,8,6,6,9,Difficult,,Male,Middle Age,26,Nigeria,High School
62a64c6ecf2555431733a7a4,Technical consulta,Yes,0-40k,Tech,Python,3,5,5,4,3,2,Difficult,,Female,Middle Age,24,India,Bachelors
62a654165d257a28a3112ac9,Software Engineer,Yes,86k-105k,Finance,Python,7,5,5,8,8,8,Neither easy nor difficult,,Female,Middle Age,40,United States,Associates
62a65618d8c00e9f541d783a,Data Analyst,Yes,66k-85k,Consulting,Python,8,10,10,10,7,9,Neither easy nor difficult,,Male,Middle Age,26,United States,Bachelors
62a65db824a26260273bc9ff,Data Scientist,Yes,41k-65k,Cobsukting,Python,8,8,10,10,10,10,Easy,,Female,Old,44,United Kingdom,Bachelors
62a66558cf2555431733c0f9,Systems configuration ,Yes,66k-85k,Insurance ,Python,7,9,8,8,6,6,Neither easy nor difficult,,Male,Middle Age,36,United States,Masters
62a6772c18134ddc75d25895,Business Analyst ,Yes,0-40k,Workforce ,Python,1,5,10,10,8,10,Neither easy nor difficult,,Male,Middle Age,30,Costa Rica,Bachelors
62a68f1e0a77c1a77f69a381,Sales & marketing,Yes,0-40k,General contractor,Python,3,3,3,2,2,2,Very Easy,,Male,Old,48,Indonesia,Masters
62a6a11a0a77c1a77f69b7cb,Data Analyst,Yes,41k-65k,Construction,Php,1,4,1,2,2,3,Easy,,Female,Middle Age,30,Canada,Masters
62a6ac1524a26260273c1cd0,RF Engineer,No,0-40k,Telecommunication,Python,3,8,8,5,3,5,Difficult,,Male,Middle Age,28,India,Bachelors
62a6b0790a77c1a77f69cb15,Support Engineer,No,0-40k,Tech,Python,5,8,7,7,3,2,Difficult,,Male,Middle Age,25,India,Bachelors
62a6bc6a18134ddc75d2a726,Analytics Engineer,No,106k-125k,Tech,SQL,6,5,4,4,3,4,Easy,,Male,Middle Age,24,United States,Masters
62a6c3d9cec54911e9ce7669,Data Analyst,Yes,41k-65k,Nonprofit,Python,5,10,7,7,4,8,Easy,,Male,Middle Age,31,United States,Bachelors
62a6d037cec54911e9ce862a,Data Engineer,No,0-40k,Real Estate,Python,3,3,8,9,5,3,Easy,,Male,Middle Age,23,United Kingdom,Bachelors
62a6d2532e54c9003e575d9c,Data Analyst,No,41k-65k,Police / Emergency Services,DAX,1,4,4,1,1,4,Easy,,Female,Old,48,United Kingdom,Masters
62a6dbcad8c00e9f541e1050,Data Analyst,Yes,66k-85k,Healthcare,Python,6,9,8,8,8,7,Neither easy nor difficult,,Male,Middle Age,28,United States,Bachelors
62a6e2815d257a28a311c8f9,Data Analyst,Yes,41k-65k,Retail,Python,5,7,7,7,7,7,Difficult,,Male,Middle Age,32,United Kingdom,Masters
62a6ea03d8c00e9f541e3594,Data Scientist,Yes,41k-65k,Finance,Python,5,7,7,4,5,7,Neither easy nor difficult,,Male,Middle Age,30,Hong Kong,Bachelors
62a7029ff8f7561645899bae,Data Analyst,Yes,0-40k,Insurance,Python,5,5,7,7,7,8,Neither easy nor difficult,,Male,Middle Age,32,TUNISIA,Masters
62a7047c24a26260273c9646,Data Analyst,Yes,0-40k,Tech,Python,0,3,0,1,0,0,Easy,,Female,Middle Age,30,Sri lanka,Masters
62a70b55cec54911e9cedd98,Data Analyst,Yes,0-40k,Manufacturing,Python,4,2,5,2,4,4,Neither easy nor difficult,,Female,Middle Age,35,Spain,Masters
62a71930bae91e4b8b878b2b,Student/Looking/None,Yes,0-40k,Tech,R,,,,,,10,Easy,,Female,Middle Age,38,United Kingdom,Masters
62a73a37f8d5efcc22fcb724,Account manager,Yes,66k-85k,Consumer retail,Python,6,6,7,7,6,7,Easy,,Female,Middle Age,30,United States,Masters
62a73aa824a26260273d0172,Data Analyst,Yes,41k-65k,Tech,Python,3,3,5,4,4,4,Neither easy nor difficult,,Male,Old,48,United States,Bachelors
62a73c5b0a77c1a77f6aba65,Data Analyst,Yes,66k-85k,Finance,SAS,5,8,5,5,5,4,Easy,,Male,Middle Age,32,Canada,Masters
62a749ebd8c00e9f541efa36,Incident Manager,Yes,41k-65k,Telecommunication,Python,4,5,4,5,5,6,Difficult,,Male,Middle Age,27,India,Bachelors
62a74e28b4da29969c681108,Product owner,No,41k-65k,Tech,Python,7,9,5,6,6,7,Easy,,Male,Middle Age,27,United Kingdom,Masters
62a758185d257a28a312bc94,Student/Looking/None,No,0-40k,Finance,Python,8,7,6,7,8,10,Neither easy nor difficult,,Male,Middle Age,24,Kenya ,Bachelors
62a75a5418134ddc75d3d2f1,Data Scientist,Yes,150k-225k,Finance,R,9,9,9,9,8,8,Difficult,,Male,Old,42,United States,PhD
62a75ed0f8f75616458a5d1a,Business Analyst,No,41k-65k,Tech,Python,8,6,6,8,7,8,Neither easy nor difficult,,Male,Middle Age,24,United States,Bachelors
62a75f1b575fa3a5ae8e0010,Database Developer,Yes,0-40k,Tech,Python,5,9,7,7,6,9,Easy,,Male,Middle Age,23,India,Bachelors
62a764ffd8c00e9f541f3cc3,Data Analyst,No,0-40k,Tech,Python,7,9,8,8,4,2,Neither easy nor difficult,,Male,Middle Age,26,India,Bachelors
62a76c962e54c9003e588661,Data Analyst,No,41k-65k,Home maker ,SQL,5,6,6,2,2,3,Neither easy nor difficult,,Male,Middle Age,32,Germany,Bachelors
62a772da575fa3a5ae8e2a4a,Presales Engineer ,No,0-40k,Telecommunication,Python,4,3,2,0,0,0,Neither easy nor difficult,,Male,Middle Age,35,Argentina ,Bachelors
62a7738a2e54c9003e589598,Data Analyst,Yes,106k-125k,Healthcare,Python,4,3,4,2,2,2,Easy,,Male,Old,41,United States,High School
62a77967f8d5efcc22fd4c81,Predictive Analyst,No,41k-65k,Education,Python,4,9,8,8,6,7,Neither easy nor difficult,,Male,Middle Age,25,United States,Masters
62a77a37f8d5efcc22fd4e47,Data Analyst,Yes,0-40k,Construction,Python,0,0,0,0,0,0,Very Difficult,,Female,Middle Age,28,United States,Masters
62a77cb7b4da29969c68743a,Data Analyst,Yes,41k-65k,Agriculture,Python,3,6,5,5,5,6,Neither easy nor difficult,,Male,Middle Age,29,United States,Bachelors
62a78743f8f75616458ab6bb,Student/Looking/None,No,0-40k,Telecommunication,Python,8,10,6,7,8,8,Neither easy nor difficult,,Male,Young,19,United States,High School
62a789015d257a28a3132977,Data Analyst,Yes,41k-65k,Insurance ,Python,5,6,9,6,7,10,Neither easy nor difficult,,Male,Middle Age,27,India,Bachelors
62a78f3bf408bae018f2ef51,Student/Looking/None,Yes,0-40k,Finance,Python,8,9,9,7,8,8,Neither easy nor difficult,,Male,Middle Age,25,NONE,Bachelors
62a7988bbae91e4b8b88b8ee,Data Analyst,Yes,41k-65k,Nonprofit,Python,6,10,10,10,10,8,Difficult,,Female,Middle Age,26,Canada,Masters
62a79c9c2e54c9003e58f0d5,Data Analyst,Yes,0-40k,Healthcare,Python,3,4,5,5,4,5,Difficult,,Male,Middle Age,25,Spain,Bachelors
62a7b0ae0f8c8599d5b51cd0,Data Analyst,Yes,0-40k,Manufacturing,Python,6,6,9,9,10,10,Neither easy nor difficult,,Male,Middle Age,25,Portugal,Bachelors
62a7b283f8d5efcc22fdc189,Data Analyst,Yes,0-40k,Healthcare,R,2,3,4,3,3,5,Neither easy nor difficult,,Male,Middle Age,26,Liberia,Bachelors
62a7b296f8d5efcc22fdc1ef,Data Analyst,Yes,125k-150k,Education,Python,8,8,7,6,7,9,Neither easy nor difficult,,Male,Middle Age,35,United States,Bachelors
62a7bd0e5d257a28a313855c,Data Analyst,Yes,86k-105k,Retail,Python,6,7,7,6,7,6,Difficult,,Male,Middle Age,29,United States,Masters
62a7be5e5d257a28a313876a,Data Analyst,Yes,86k-105k,Tech,Python,7,6,5,4,3,6,Neither easy nor difficult,,Female,Old,41,United States,Associates
62a7ce44575fa3a5ae8ece5f,Student/Looking/None,No,0-40k,Education,Python,0,6,4,5,2,4,Very Difficult,,Female,Middle Age,22,United States,Bachelors
62a7e1380f8c8599d5b55fcf,Data Analyst,Yes,66k-85k,Healthcare,None,2,6,6,4,3,3,Difficult,,Male,Middle Age,35,United States,Bachelors
62a7e2d024a26260273e4448,Data Analyst,Yes,66k-85k,Finance,Python,4,3,4,4,4,6,Very Difficult,,Male,Middle Age,30,NONE,Bachelors
62a7ed9c0f8c8599d5b57132,Data Engineer,No,150k-225k,Real Estate,Python,4,6,3,2,3,3,Neither easy nor difficult,,Male,Middle Age,37,Canada,Bachelors
62a7f09a0f8c8599d5b57526,Data Analyst,Yes,66k-85k,Air transpot,Python,6,7,7,5,5,9,Difficult,,Female,Middle Age,28,United States,Masters
62a7fb02f8d5efcc22fe2486,Data Analyst,No,86k-105k,Real Estate,Python,7,5,6,6,4,6,Neither easy nor difficult,,Male,Middle Age,23,United States,High School
62a816907dc029e2d6725a33,Student/Looking/None,No,0-40k,Finance,Python,3,4,8,5,5,3,Neither easy nor difficult,,Male,Middle Age,26,United States,High School
62a84764bc6861bf317d7b86,Data Analyst,No,66k-85k,Distribution ,Python,2,4,4,3,4,4,Neither easy nor difficult,,Male,Middle Age,25,Australia,Bachelors
62a84f9af408bae018f41e34,Data Analyst,No,0-40k,Tech,Python,0,1,2,1,1,1,Neither easy nor difficult,,Male,Middle Age,23,India,Bachelors
62a85803f8d5efcc22fea92f,Student/Looking/None,Yes,0-40k,Unemployed,None,0,1,0,0,0,0,Neither easy nor difficult,,Male,Old,53,Nigeria,Bachelors
62a8592f7dc029e2d672c0a8,Data Engineer,Yes,0-40k,Tech,Python,4,6,6,3,7,9,Neither easy nor difficult,,Female,Middle Age,33,Romania,Bachelors
62a8643bcec54911e9d14297,Student/Looking/None,Yes,0-40k,Finance,R,3,5,5,4,5,6,Difficult,,Male,Middle Age,39,NONE,High School
62a8665c5d257a28a31474f7,Data Analyst,Yes,0-40k,Healthcare,Excel,6,7,5,7,7,9,Difficult,,Female,Middle Age,22,United Kingdom,Bachelors
62a868c5cf2555431737094b,Data Analyst,No,41k-65k,Finance,Python,4,7,7,7,5,5,Easy,,Male,Middle Age,24,Germany,Bachelors
62a88e9ff8d5efcc22ff1eb6,Data Architect,No,86k-105k,Energy,Python,5,1,3,1,4,5,Difficult,,Male,Middle Age,31,Canada,High School
62a89e365d257a28a314fd36,Data Analyst,Yes,0-40k,Retail,Python,0,0,0,0,0,0,Very Difficult,,Male,Middle Age,25,NONE,Bachelors
62a8b6ffbae91e4b8b8aa5c2,Student/Looking/None,No,0-40k,Tech,R,4,7,7,6,6,6,Neither easy nor difficult,,Male,Middle Age,25,India,Bachelors
62a8bf9e575fa3a5ae907617,Data Analyst,No,0-40k,Tech,Python,3,4,4,4,2,0,Neither easy nor difficult,,Male,Middle Age,23,India,Bachelors
62a8cd29bc6861bf317ea9a2,Ads operations,Yes,41k-65k,Digital Marketing ,Sql,6,7,7,7,7,6,Neither easy nor difficult,,Male,Middle Age,23,India,Bachelors
62a8f477f408bae018f5869d,Data Analyst,No,86k-105k,Healthcare,Python,8,9,8,8,8,9,Difficult,,Male,Middle Age,40,United States,High School
62a8fcf5cf25554317384604,Data Analyst,No,41k-65k,Homelessness,C/C++,5,6,6,2,0,4,Neither easy nor difficult,,Male,Middle Age,29,United States,Bachelors
62a8fe9abc6861bf317f0c01,Data Analyst,Yes,0-40k,Tech,Python,1,7,5,5,4,4,Difficult,,Male,Middle Age,28,India,Bachelors
62a9024d18134ddc75d6e76d,Data Analyst,Yes,0-40k,Healthcare,R,3,6,6,4,6,3,Very Easy,,Female,Middle Age,28,United Kingdom,Masters
62a95253bae91e4b8b8b91d9,Student/Looking/None,Yes,0-40k,Telecommunication,Python,0,3,3,4,5,5,Difficult,,Female,Middle Age,26,India,Masters
62a960567dc029e2d6749dd8,Data Engineer,No,41k-65k,Construction,Python,6,8,8,5,5,5,Neither easy nor difficult,,Male,Middle Age,30,Netherlands,Masters
62a9612bf8d5efcc22007c09,Data Analyst,Yes,66k-85k,Education,SQL,5,9,7,9,8,9,Neither easy nor difficult,,Male,Middle Age,27,Australia,Bachelors
62a962380f8c8599d5b7e3fb,Data Analyst,Yes,0-40k,Retail,None,2,0,5,3,0,3,Very Difficult,,Male,Middle Age,28,Nigeria,Bachelors
62a993537dc029e2d674e9b5,Data Analyst,No,66k-85k,Education,Python,3,3,5,3,3,4,Neither easy nor difficult,,Female,Middle Age,38,Nigeria,Masters
62a9bb81bc6861bf3180079c,Data Analyst,No,0-40k,Finance,Python,2,6,5,5,6,6,Easy,,Male,Middle Age,22,Mexico,Bachelors
62a9c880f408bae018f6aa1b,Data Analyst,Yes,86k-105k,Energy,Python,7,8,9,9,9,9,Difficult,,Male,Middle Age,34,United States,Bachelors
62a9e206f3072dd8926bce70,Data Analyst,No,0-40k,Tech,Python,3,8,8,5,7,9,Easy,,Male,Middle Age,26,Indonesia,Bachelors
62a9f0172e54c9003e5cdc25,Data Analyst,Yes,66k-85k,Tech,Python,5,9,7,7,8,9,Neither easy nor difficult,,Female,Middle Age,26,Canada,Bachelors
62a9f8a4cf2555431739d694,Data Engineer,No,66k-85k,Education,Python,10,10,10,9,9,10,Difficult,,Male,Middle Age,25,Greece,Bachelors
62aa121dcec54911e9d446cc,Data Scientist,Yes,125k-150k,Tech,Python,5,3,7,4,5,3,Easy,,Male,Middle Age,34,United States,Bachelors
62aa1734f3072dd8926c4168,Power Bi Developer,Yes,41k-65k,Finance,DAX,7,10,10,10,4,5,Neither easy nor difficult,,Female,Middle Age,32,Poland,Bachelors
62aa21e218134ddc75d8be11,Student/Looking/None,No,0-40k,Construction,R,2,2,2,2,2,2,Difficult,,Male,Middle Age,24,United States,Associates
62aa29852e54c9003e5d50b5,Data Engineer,Yes,0-40k,Tech,Python,7,3,3,2,5,9,Difficult,,Male,Middle Age,26,Argentina,Bachelors
62aa2f44bc6861bf3180fd06,Data Analyst,Yes,41k-65k,Telecommunication,Sql,4,7,5,6,4,6,Difficult,,Female,Middle Age,32,Sweden,Masters
62aa3454bae91e4b8b8d3249,Data Scientist,No,41k-65k,Tech,R,5,1,7,1,1,2,Neither easy nor difficult,,Male,Middle Age,40,Portugal,Masters
62aa34e8f3072dd8926c7d56,Data Analyst,No,0-40k,Direct Marketing,Python,0,7,1,6,0,0,Easy,,Male,Middle Age,27,United States,Bachelors
62aa356ff8d5efcc22020832,Data Analyst,Yes,66k-85k,Tech,R,4,3,6,7,4,7,Easy,,Male,Middle Age,28,United States,Masters
62aa3e6824a26260274264da,Data Analyst,Yes,0-40k,FMCG,Python,1,9,5,5,1,1,Difficult,,Male,Middle Age,30,Nigeria,Bachelors
62aa4790f8d5efcc2202266e,Data Analyst,Yes,0-40k,Unemployed,Python,0,6,5,5,5,6,Difficult,,Male,Middle Age,37,United States,Bachelors
62aa5761bc6861bf318141fc,Software support,No,41k-65k,Tech,JavaScript,7,7,5,5,0,0,Difficult,,Male,Middle Age,32,Australia,Bachelors
62aa5c11f408bae018f7dec0,Data Analyst,Yes,41k-65k,Tech,Python,9,7,10,10,5,8,Neither easy nor difficult,,Male,Middle Age,24,Saudi Arabia ,Bachelors
62aa956ef8d5efcc22028e3d,Data Analyst,Yes,0-40k,Tech,Python,6,7,7,7,5,6,Neither easy nor difficult,,Male,Middle Age,39,Argentina,Associates
62aa95970a77c1a77f709268,Data Analyst,Yes,125k-150k,Finance,Python,6,8,7,4,4,2,Easy,,Male,Middle Age,34,Australia,Bachelors
62aa98bfcf255543173adbdc,Data Analyst,No,41k-65k,Space & Defense,Python,5,6,10,7,3,3,Neither easy nor difficult,,Male,Middle Age,27,United States,Bachelors
62aaa387f8d5efcc22029fcb,Data Analyst,Yes,66k-85k,Healthcare,SQL ,7,7,4,7,7,7,Difficult,,Male,Old,54,United States,High School
62aaa86bbae91e4b8b8dc832,Student/Looking/None,No,0-40k,Tech,Python,0,,,,,,Difficult,,Female,Young,20,India,Bachelors
62aacd922e54c9003e5e33c2,Student/Looking/None,Yes,0-40k,Finance,SQL,3,3,3,3,3,3,Neither easy nor difficult,,Male,Middle Age,25,India,Masters
62aaeecd0f8c8599d5ba6923,Student/Looking/None,No,0-40k,Tech,Python,7,7,2,2,7,9,Easy,,Male,Middle Age,33,India,Bachelors
62aaf8397dc029e2d6773cde,Data Analyst,Yes,41k-65k,Tech,Python,4,8,8,8,10,10,Very Easy,,Male,Middle Age,30,United Kingdom,Masters
62aaff342e54c9003e5e79b8,Student/Looking/None,Yes,0-40k,Tech,Python,0,4,2,0,1,3,Neither easy nor difficult,,Male,Middle Age,31,Nigeria,High School
62ab0bdc575fa3a5ae9413e5,Student/Looking/None,Yes,0-40k,Automobile Industry,Python,5,6,5,6,2,1,Difficult,,Male,Middle Age,22,France,Masters
62ab1cb0cec54911e9d5d187,Data Analyst,Yes,66k-85k,Tech,R,8,10,10,10,8,9,Neither easy nor difficult,,Female,Middle Age,38,United States,Bachelors
62ab3e62bae91e4b8b8ebe14,Data Analyst,No,0-40k,Logistics,Python,6,9,7,7,5,8,Neither easy nor difficult,,Male,Middle Age,22,Malaysia,Bachelors
62ab6ab318134ddc75dabb09,Data Scientist,Yes,0-40k,Real Estate,Python,2,3,4,5,3,6,Very Easy,,Male,Middle Age,33,India,Bachelors
62ab83a7d8c00e9f54263d2e,Data Analyst,Yes,41k-65k,Tech,Python,3,6,6,6,5,5,Neither easy nor difficult,,Male,Middle Age,27,Canada,Bachelors
62ab8bf65d257a28a319e9cb,Data Analyst,No,0-40k,Tech,R,0,6,3,0,0,10,Neither easy nor difficult,,Male,Young,19,Algeria,Bachelors
62abec6cf3072dd8926f2ad0,Investigation specialist,No,0-40k,E-commerce,Python,1,6,2,5,1,0,Neither easy nor difficult,,Male,Middle Age,24,India,Bachelors
62abee280f8c8599d5bc246d,Director,No,150k-225k,Finance,NONE,8,10,9,10,8,10,Very Easy,,Female,Old,58,United States,Masters
62acc1f0cf255543173e59f7,Data Analyst,No,0-40k,Tech,Python,2,2,5,6,6,3,Neither easy nor difficult,,Male,Middle Age,22,Nigeria ,Bachelors
62ace61d575fa3a5ae972d57,Data Analyst,No,86k-105k,Tech,Python,4,4,4,4,3,4,Neither easy nor difficult,,Male,Middle Age,26,Ireland,Masters
62acf0890f8c8599d5bdce87,Data Manager,No,41k-65k,Tech,None,4,5,4,5,5,3,Easy,,Female,Middle Age,31,United Kingdom,Bachelors
62ad591424a2626027471080,Data Analyst,No,41k-65k,Agriculture,Python,2,2,4,5,1,1,Neither easy nor difficult,,Male,Middle Age,23,United States,High School
62ade22318134ddc75de385f,Data Analyst,No,86k-105k,Healthcare,Python,7,10,10,10,7,8,Neither easy nor difficult,,Female,Middle Age,31,United States,Masters
62adf26f18134ddc75de4bb4,Student/Looking/None,No,66k-85k,Construction,None,5,5,7,7,9,10,Difficult,,Female,Middle Age,24,United States,Bachelors
62ae680024a2626027483ebc,Analytics Engineer,Yes,41k-65k,Finance,Python,8,10,10,10,10,10,Neither easy nor difficult,,Male,Middle Age,29,Mexico,Bachelors
62aee103f8f756164595adb8,Student/Looking/None,Yes,0-40k,Education,Python,7,8,9,8,9,10,Difficult,Good Work/Life Balance,Male,Middle Age,26,Indonesia,Bachelors
62af07be7dc029e2d67cc3c8,Student/Looking/None,Yes,0-40k,"Interning in Sciences, Weather and Meteorological data",Python,3,9,9,9,9,9,Neither easy nor difficult,Better Salary,Male,Young,20,India,High School
62af10295d257a28a31e6ff8,Data Analyst,Yes,0-40k,Education,Python,0,2,3,2,4,2,Neither easy nor difficult,Better Salary,Male,Middle Age,23,India,Bachelors
62af387018134ddc75df894e,Data Analyst,No,106k-125k,Tech,Python,8,8,9,8,7,7,Neither easy nor difficult,Good Work/Life Balance,Male,Middle Age,33,United States,Masters
62af49025d257a28a31eb2f1,Student/Looking/None,Yes,0-40k,Tech,Python,2,3,3,5,5,9,Easy,Remote Work,Male,Middle Age,26,Nigeria,Bachelors
62af53ce0f8c8599d5c04934,Data Analyst,Yes,0-40k,Consulting,R,3,9,8,8,6,6,Difficult,Better Salary,Male,Middle Age,27,India,Bachelors
62af6371f8d5efcc2208e923,Student/Looking/None,No,0-40k,Agriculture,sql,0,8,8,8,8,8,Neither easy nor difficult,Better Salary,Male,Middle Age,22,Uzbakistan,Bachelors
62af9ed7f3072dd892739279,Data Analyst,Yes,0-40k,Tech,Python,3,9,9,6,9,4,Easy,Better Salary,Male,Middle Age,23,Spain,Masters
62b152960f8c8599d5c31550,SAP Security Analyst,Yes,0-40k,Beverage and foods,Python,3,6,7,5,4,4,Neither easy nor difficult,Better Salary,Male,Middle Age,28,Mexico,Bachelors
62b16a5c5d257a28a321a74c,Data Analyst,No,41k-65k,Finance,SQL,7,5,4,6,4,5,Easy,Good Work/Life Balance,Female,Middle Age,39,Portugal,Masters
62b21d40bae91e4b8b985154,BI Manager,No,106k-125k,Transportation,Python,3,2,5,3,3,4,Neither easy nor difficult,Better Salary,Male,Middle Age,37,United States,Masters
62b27004bc6861bf318c9038,Database Developer,Yes,41k-65k,Education,SQL,4,7,7,7,7,7,Difficult,Better Salary,Female,Middle Age,29,United States,Masters
62b2ea87f8d5efcc220e3e21,Data Analyst,Yes,106k-125k,Finance,Python,5,6,6,5,4,3,Easy,Good Work/Life Balance,Male,Old,42,United States,Masters
62b35284cec54911e9e1818c,Student/Looking/None,No,0-40k,Tech,R,0,0,0,0,0,0,Neither easy nor difficult,Good Culture,Female,Middle Age,25,Canada,Bachelors
62b4404df31287f32e14d1c1,Database Developer,Yes,0-40k,Telecommunication,Python,5,5,5,5,4,5,Easy,Better Salary,Male,Old,66,Morocco ,High School
62b525563f28f20328aeee5c,Data Analyst,Yes,125k-150k,Retail,R,8,5,6,6,5,7,Easy,Better Salary,Male,Middle Age,26,United States,Bachelors
62b5a3e29bc428d5345f6e89,Data Scientist Intern,No,0-40k,Manufacturing,R,4,6,7,7,4,6,Difficult,Better Salary,Male,Middle Age,21,United States,Bachelors
62b71083f31287f32e189026,Student/Looking/None,Yes,0-40k,Tech,Python,1,2,1,2,1,2,Difficult,Better Salary,Male,Middle Age,26,Oman,Bachelors
62b795033b026e423f287ecd,Data Engineer,No,0-40k,Tech,Python,6,6,6,6,4,3,Easy,Career Advancedment,Male,Middle Age,24,Costa Rica,Bachelors
62b89039377223ff07b80fb5,Data Analyst,No,41k-65k,Automotive,Python,8,7,6,7,6,8,Easy,Remote Work,Male,Middle Age,22,United States,Bachelors
